quality,alcohol,sulphates,volatile acidity,total sulfur dioxide,citric acid,density,chlorides,fixed acidity,pH,free sulfur dioxide,residual sugar
5,9.4,0.56,0.7,34.0,0.0,0.9978,0.076,7.4,3.51,11.0,1.9
5,9.8,0.68,0.88,67.0,0.0,0.9968,0.098,7.8,3.2,25.0,2.6
5,9.8,0.65,0.76,54.0,0.04,0.997,0.092,7.8,3.26,15.0,2.3
6,9.8,0.58,0.28,60.0,0.56,0.998,0.075,11.2,3.16,17.0,1.9
5,9.4,0.56,0.7,34.0,0.0,0.9978,0.076,7.4,3.51,11.0,1.9
5,9.4,0.56,0.66,40.0,0.0,0.9978,0.075,7.4,3.51,13.0,1.8
5,9.4,0.46,0.6,59.0,0.06,0.9964,0.069,7.9,3.3,15.0,1.6
7,10.0,0.47,0.65,21.0,0.0,0.9946,0.065,7.3,3.39,15.0,1.2
7,9.5,0.57,0.58,18.0,0.02,0.9968,0.073,7.8,3.36,9.0,2.0
5,9.2,0.54,0.58,65.0,0.08,0.9959,0.097,6.7,3.28,15.0,1.8
5,9.9,0.52,0.615,59.0,0.0,0.9943,0.089,5.6,3.58,16.0,1.6
5,9.1,1.56,0.61,29.0,0.29,0.9974,0.114,7.8,3.26,9.0,1.6
7,10.5,0.75,0.28,103.0,0.56,0.9969,0.092,8.5,3.3,35.0,1.8
6,9.2,1.08,0.32,56.0,0.51,0.9969,0.341,7.9,3.04,17.0,1.8
5,9.7,0.65,0.39,71.0,0.31,0.9982,0.082,7.6,3.52,23.0,2.3
5,9.5,0.91,0.43,37.0,0.21,0.9966,0.106,7.9,3.17,10.0,1.6
5,9.4,0.53,0.49,67.0,0.11,0.9968,0.084,8.5,3.17,9.0,2.3
6,9.7,0.63,0.4,40.0,0.14,0.9968,0.085,6.9,3.43,21.0,2.4
5,9.3,0.56,0.39,23.0,0.16,0.9955,0.08,6.3,3.34,11.0,1.4
5,9.5,0.59,0.41,11.0,0.24,0.9962,0.08,7.6,3.28,4.0,1.8
5,9.4,0.55,0.71,35.0,0.0,0.9972,0.08,7.1,3.47,14.0,1.9
6,9.8,0.59,0.645,16.0,0.0,0.9964,0.082,7.8,3.38,8.0,2.0
5,10.1,0.54,0.675,82.0,0.07,0.9958,0.089,6.7,3.35,17.0,2.4
5,9.8,0.66,0.655,113.0,0.12,0.9966,0.083,8.3,3.17,15.0,2.3
5,9.2,0.55,0.32,50.0,0.25,0.9957,0.103,5.2,3.38,13.0,1.8
6,9.6,0.55,0.645,18.0,0.0,0.9986,0.086,7.8,3.4,5.0,5.5
6,10.8,0.6,0.6,15.0,0.14,0.9975,0.086,7.8,3.42,3.0,2.4
7,9.7,0.73,0.38,30.0,0.28,0.9968,0.066,8.1,3.23,13.0,2.1
5,10.5,0.83,0.45,87.0,0.36,0.9978,0.074,7.3,3.33,12.0,5.9
4,9.3,0.51,0.61,46.0,0.3,0.9976,0.088,8.8,3.26,17.0,2.8
6,10.5,0.9,0.49,14.0,0.2,0.9968,0.332,7.5,3.21,8.0,2.6
5,10.3,1.2,0.66,23.0,0.22,0.9968,0.069,8.1,3.3,9.0,2.2
4,13.1,0.56,0.52,65.0,0.15,0.9934,0.054,4.6,3.9,8.0,2.1
5,9.2,0.73,0.935,114.0,0.43,0.997,0.114,7.7,3.25,22.0,2.2
5,9.2,0.74,0.66,23.0,0.26,0.9971,0.074,8.8,3.15,4.0,1.7
6,9.4,0.63,0.52,15.0,0.04,0.9956,0.069,6.6,3.4,8.0,2.2
6,9.4,0.64,0.5,14.0,0.04,0.9955,0.068,6.6,3.39,6.0,2.1
5,9.4,0.56,0.38,119.0,0.36,0.997,0.081,8.6,3.2,30.0,3.0
6,10.2,0.63,0.51,73.0,0.15,0.9955,0.11,7.6,3.17,33.0,2.8
5,9.6,0.63,0.42,10.0,0.57,0.9971,0.07,10.2,3.04,4.0,3.4
5,10.0,0.59,0.59,54.0,0.18,0.9975,0.076,7.8,3.43,17.0,2.3
6,9.4,0.54,0.39,46.0,0.31,0.9962,0.074,7.3,3.41,9.0,2.4
5,9.2,0.64,0.4,52.0,0.4,0.998,0.079,8.8,3.44,19.0,2.2
5,9.3,0.71,0.69,112.0,0.49,0.9968,0.115,7.7,3.21,20.0,1.8
5,9.8,0.57,0.735,54.0,0.05,0.9966,0.081,7.0,3.39,13.0,2.0
5,10.9,0.39,0.725,11.0,0.05,0.9962,0.086,7.2,3.41,4.0,4.65
5,10.9,0.39,0.725,11.0,0.05,0.9962,0.086,7.2,3.41,4.0,4.65
5,10.7,0.58,0.705,15.0,0.07,0.9962,0.076,6.6,3.44,6.0,1.6
6,10.5,0.95,0.705,19.0,0.05,0.9962,0.074,8.0,3.34,8.0,1.9
5,9.5,0.48,0.69,94.0,0.22,0.9961,0.084,7.7,3.31,18.0,1.9
4,9.2,0.53,0.675,43.0,0.26,0.9976,0.084,8.3,3.31,11.0,2.1
5,10.5,0.66,0.41,42.0,0.64,0.9986,0.093,8.8,3.54,9.0,2.2
6,10.7,0.55,0.785,30.0,0.0,0.9966,0.104,6.8,3.52,14.0,2.4
5,10.1,0.52,0.75,80.0,0.12,0.9958,0.086,6.7,3.38,12.0,2.0
4,9.1,1.12,0.625,119.0,0.2,0.9972,0.08,8.3,3.16,27.0,1.5
5,9.2,0.56,0.45,15.0,0.2,0.9958,0.069,6.2,3.41,3.0,1.6
5,9.1,0.57,0.5,73.0,0.47,0.997,0.086,7.4,3.36,21.0,2.0
6,10.3,0.78,0.3,61.0,0.48,0.9959,0.069,6.3,3.44,18.0,1.8
5,10.1,0.59,0.55,40.0,0.15,0.9961,0.076,6.9,3.41,19.0,2.2
6,9.9,1.95,0.49,136.0,0.28,0.9972,0.11,8.6,2.93,20.0,1.9
5,9.6,0.64,0.49,31.0,0.26,0.9966,0.062,7.7,3.39,9.0,1.9
5,9.5,1.22,0.39,125.0,0.44,0.9978,0.107,9.3,3.14,34.0,2.1
5,9.0,0.53,0.62,24.0,0.08,0.9978,0.076,7.0,3.48,8.0,1.8
5,9.5,0.54,0.52,140.0,0.26,0.9964,0.079,7.9,3.23,42.0,1.9
6,9.9,1.95,0.49,136.0,0.28,0.9972,0.11,8.6,2.93,20.0,1.9
5,9.6,0.64,0.49,31.0,0.26,0.9966,0.062,7.7,3.39,9.0,1.9
4,10.5,0.48,1.02,85.0,0.04,0.9938,0.045,5.0,3.75,41.0,1.4
5,10.7,0.56,0.775,23.0,0.0,0.9965,0.102,6.8,3.45,8.0,3.0
5,9.8,0.56,0.9,10.0,0.06,0.9967,0.079,7.6,3.39,5.0,2.5
6,9.0,0.59,0.545,35.0,0.18,0.9972,0.08,8.1,3.3,13.0,1.9
6,10.2,0.61,0.61,50.0,0.3,0.9972,0.084,8.3,3.4,11.0,2.1
6,9.0,0.59,0.545,35.0,0.18,0.9972,0.08,8.1,3.3,13.0,1.9
5,9.2,0.51,0.575,65.0,0.22,0.9967,0.077,8.1,3.29,12.0,2.1
5,9.4,0.48,0.49,36.0,0.24,0.996,0.07,7.2,3.33,5.0,2.2
5,9.2,0.51,0.575,65.0,0.22,0.9967,0.077,8.1,3.29,12.0,2.1
5,9.3,1.31,0.41,69.0,0.68,0.9973,0.467,7.8,3.08,18.0,1.7
5,9.3,0.79,0.63,64.0,0.31,0.9969,0.088,6.2,3.46,15.0,1.7
5,9.5,0.93,0.56,47.0,0.19,0.9964,0.104,7.8,3.19,12.0,1.8
5,9.8,0.66,0.62,108.0,0.09,0.9964,0.084,8.4,3.15,11.0,2.2
6,9.7,0.67,0.31,46.0,0.44,0.9988,0.08,10.1,3.32,22.0,2.3
5,9.5,0.93,0.56,47.0,0.19,0.9964,0.104,7.8,3.19,12.0,1.8
6,10.5,0.63,0.4,62.0,0.31,0.9966,0.09,9.4,3.07,13.0,2.2
6,10.0,0.61,0.54,40.0,0.28,0.9978,0.077,8.3,3.39,11.0,1.9
5,9.0,0.57,1.07,89.0,0.09,0.9962,0.178,7.3,3.3,10.0,1.7
6,10.9,0.6,0.55,56.0,0.04,0.9962,0.119,8.8,3.21,14.0,2.2
5,9.2,0.52,0.695,13.0,0.0,0.998,0.075,7.3,3.49,3.0,2.5
5,9.5,0.48,0.5,102.0,0.17,0.996,0.082,7.8,3.39,21.0,1.6
5,10.9,0.49,1.33,12.0,0.0,0.9964,0.081,8.2,3.53,3.0,1.7
5,10.9,0.48,1.33,12.0,0.0,0.9964,0.082,8.1,3.54,3.0,1.8
7,10.5,0.92,0.59,16.0,0.16,0.9962,0.065,8.0,3.42,3.0,1.8
5,9.4,0.66,0.745,134.0,0.56,0.9968,0.118,8.0,3.24,30.0,2.0
5,13.0,0.63,0.5,99.0,0.09,0.9937,0.049,5.6,3.63,17.0,2.3
6,9.9,0.55,1.04,29.0,0.05,0.9959,0.084,7.9,3.22,13.0,2.2
5,9.6,0.82,0.745,63.0,0.11,0.9965,0.09,8.4,3.19,16.0,1.9
5,9.2,0.64,0.415,45.0,0.36,0.9972,0.081,7.2,3.48,13.0,2.0
5,9.6,0.82,0.745,63.0,0.11,0.9965,0.09,8.4,3.19,16.0,1.9
6,14.0,0.79,0.34,63.0,0.0,0.9916,0.05,5.2,3.68,27.0,1.8
5,9.4,0.58,0.39,20.0,0.08,0.9954,0.066,6.3,3.34,3.0,1.7
6,14.0,0.79,0.34,63.0,0.0,0.9916,0.05,5.2,3.68,27.0,1.8
5,9.4,0.62,0.67,141.0,0.55,0.9968,0.117,8.1,3.17,32.0,1.8
5,10.0,0.52,0.68,94.0,0.02,0.9944,0.087,5.8,3.54,21.0,1.8
6,10.2,0.58,0.49,30.0,0.1,0.9959,0.074,6.9,3.42,12.0,2.3
6,10.3,0.53,0.33,11.0,0.47,0.9958,0.077,7.3,3.33,5.0,2.1
4,9.4,2.0,0.52,69.0,1.0,0.9996,0.61,9.2,2.74,32.0,3.4
5,10.1,0.54,0.6,99.0,0.03,0.995,0.095,7.5,3.35,25.0,1.8
5,10.1,0.54,0.6,99.0,0.03,0.995,0.095,7.5,3.35,25.0,1.8
5,10.5,0.71,0.43,128.0,0.42,0.9973,0.071,7.1,3.42,28.0,5.5
5,10.5,0.72,0.43,129.0,0.42,0.9973,0.07,7.1,3.42,29.0,5.5
5,10.5,0.71,0.43,128.0,0.42,0.9973,0.071,7.1,3.42,28.0,5.5
5,9.3,0.5,0.68,22.0,0.0,0.9969,0.073,7.1,3.48,12.0,2.2
6,9.3,0.57,0.6,86.0,0.18,0.9968,0.079,6.8,3.59,18.0,1.9
5,9.6,0.56,0.95,20.0,0.03,0.9959,0.09,7.6,3.2,7.0,2.0
4,9.2,1.08,0.68,20.0,0.02,0.9965,0.072,7.6,3.17,9.0,1.3
6,10.0,0.56,0.53,31.0,0.04,0.9964,0.076,7.8,3.33,17.0,1.7
5,9.4,0.49,0.6,121.0,0.26,0.9982,0.07,7.4,3.37,36.0,7.3
5,9.4,0.49,0.59,121.0,0.26,0.9981,0.07,7.3,3.37,35.0,7.2
5,9.5,0.62,0.63,96.0,0.48,0.9961,0.1,7.8,3.19,14.0,1.7
5,10.2,0.52,0.64,101.0,0.1,0.9956,0.085,6.8,3.34,18.0,2.1
4,9.0,0.48,0.55,42.0,0.03,0.9956,0.072,7.3,3.37,17.0,1.6
6,10.4,0.55,0.63,44.0,0.07,0.9953,0.089,6.8,3.47,11.0,2.1
4,9.1,0.33,0.885,8.0,0.03,0.9972,0.058,7.9,3.36,4.0,1.8
6,9.2,0.61,0.42,18.0,0.17,0.9972,0.073,8.0,3.29,6.0,2.0
6,11.5,0.57,0.62,42.0,0.05,0.9961,0.068,7.4,3.42,24.0,1.9
5,9.5,0.78,0.5,49.0,0.04,0.9958,0.085,6.9,3.35,19.0,1.5
5,9.5,0.47,0.38,35.0,0.21,0.9961,0.08,7.3,3.33,7.0,2.0
6,10.5,0.61,0.52,38.0,0.42,0.9972,0.087,7.5,3.58,8.0,2.3
5,9.6,0.56,0.805,20.0,0.0,0.9969,0.068,7.0,3.48,7.0,2.5
5,9.5,0.59,0.61,42.0,0.14,0.9969,0.067,8.8,3.19,10.0,2.4
5,9.5,0.59,0.61,42.0,0.14,0.9969,0.067,8.8,3.19,10.0,2.4
5,9.3,1.02,0.61,110.0,0.49,0.9972,0.27,8.9,3.12,23.0,2.0
5,9.3,0.52,0.73,42.0,0.02,0.9972,0.076,7.2,3.44,16.0,2.5
5,9.3,0.58,0.61,65.0,0.2,0.9971,0.077,6.8,3.54,11.0,1.8
6,9.3,0.58,0.62,62.0,0.21,0.997,0.079,6.7,3.52,8.0,1.9
5,9.7,0.53,0.31,85.0,0.57,0.9971,0.111,8.9,3.26,26.0,2.0
5,9.2,0.55,0.39,67.0,0.48,0.9972,0.082,7.4,3.34,14.0,2.0
5,9.5,0.55,0.5,143.0,0.33,0.9968,0.084,7.9,3.2,15.0,2.0
5,9.4,0.62,0.5,127.0,0.35,0.9976,0.077,8.2,3.23,21.0,2.9
6,9.8,0.62,0.37,49.0,0.25,0.9974,0.074,6.4,3.57,21.0,1.9
5,9.7,0.55,0.55,28.0,0.21,0.9964,0.071,7.6,3.28,7.0,2.2
5,9.7,0.55,0.55,28.0,0.21,0.9964,0.071,7.6,3.28,7.0,2.2
5,10.2,0.59,0.58,55.0,0.3,0.9968,0.074,7.3,3.46,15.0,2.4
6,10.1,0.97,0.3,27.0,0.6,0.9981,0.067,11.5,3.11,12.0,2.0
4,11.4,0.43,1.09,31.0,0.06,0.9948,0.061,6.9,3.51,12.0,2.1
7,10.3,0.82,0.32,24.0,0.47,0.99695,0.056,9.6,3.22,9.0,1.4
6,9.2,0.56,0.43,37.0,0.36,0.99615,0.089,7.0,3.34,14.0,1.6
7,10.8,0.77,0.3,28.0,0.74,0.9994,0.095,12.8,3.2,9.0,2.6
7,10.8,0.77,0.3,28.0,0.74,0.9994,0.095,12.8,3.2,9.0,2.6
5,9.4,0.67,0.44,95.0,0.28,0.9966,0.1,7.8,3.22,18.0,2.7
6,12.4,0.86,0.53,19.0,0.6,0.99585,0.039,9.7,3.3,5.0,2.0
6,10.0,0.56,0.725,62.0,0.24,0.99685,0.083,8.0,3.35,10.0,2.8
5,10.1,0.43,0.57,65.0,0.26,0.9959,0.06,8.2,3.3,28.0,2.2
6,9.8,0.71,0.735,41.0,0.08,0.9974,0.092,7.8,3.24,10.0,2.4
5,10.5,0.76,0.49,121.0,0.49,0.9974,0.06,7.0,3.34,26.0,5.6
5,11.0,0.57,0.625,49.0,0.16,0.9962,0.101,8.7,3.14,13.0,2.0
5,9.1,0.55,0.725,41.0,0.22,0.9967,0.072,8.1,3.36,11.0,2.2
5,9.7,0.54,0.49,44.0,0.19,0.9957,0.076,7.5,3.39,10.0,1.9
6,9.4,0.59,0.34,58.0,0.37,0.9964,0.082,7.8,3.34,24.0,2.0
5,9.4,0.57,0.53,72.0,0.26,0.9957,0.101,7.4,3.15,16.0,2.0
5,9.5,0.6,0.61,10.0,0.04,0.99525,0.057,6.8,3.42,5.0,1.5
6,10.0,0.6,0.645,28.0,0.25,0.99815,0.083,8.6,3.28,8.0,2.0
6,10.5,0.58,0.43,63.0,0.25,0.99615,0.073,7.7,3.37,29.0,2.6
6,9.5,1.61,0.59,81.0,0.5,0.9964,0.337,8.9,3.04,27.0,2.0
7,12.2,0.62,0.48,106.0,0.04,0.9927,0.054,5.2,3.54,19.0,1.6
6,9.9,0.52,0.38,49.0,0.06,0.99625,0.078,8.0,3.37,12.0,1.8
6,9.6,0.7,0.37,58.0,0.2,0.998,0.09,8.5,3.34,18.0,2.8
6,9.0,0.55,1.0,37.0,0.09,0.99685,0.065,8.2,3.32,7.0,2.3
6,9.0,0.58,0.63,38.0,0.0,0.99675,0.097,7.2,3.37,14.0,1.9
5,9.3,1.09,0.635,62.0,0.37,0.9971,0.263,8.9,3.0,5.0,1.7
6,10.9,0.71,0.38,24.0,0.56,0.99925,0.093,12.0,3.14,6.0,2.1
6,9.8,0.49,0.58,109.0,0.1,0.99565,0.102,7.7,3.08,28.0,1.8
7,9.2,0.84,0.21,24.0,0.44,1.00005,0.075,15.0,3.07,10.0,2.2
7,9.2,0.84,0.21,24.0,0.44,1.00005,0.075,15.0,3.07,10.0,2.2
6,9.9,0.96,0.66,23.0,0.0,0.9983,0.084,7.3,3.61,6.0,2.0
5,9.5,0.52,0.68,51.0,0.07,0.99685,0.075,7.1,3.38,16.0,1.9
6,9.9,0.96,0.66,23.0,0.0,0.9983,0.084,7.3,3.61,6.0,2.0
6,10.0,0.78,0.32,37.0,0.44,0.9985,0.063,10.8,3.22,16.0,1.6
6,9.9,0.7,0.6,34.0,0.0,0.9972,0.074,7.1,3.47,16.0,1.8
5,10.5,0.53,0.35,21.0,0.48,0.9986,0.09,11.1,3.17,5.0,3.1
5,9.5,0.59,0.775,86.0,0.42,0.9959,0.092,7.7,3.23,8.0,1.9
5,9.3,0.57,0.57,119.0,0.23,0.99675,0.073,8.0,3.26,17.0,3.2
5,9.2,0.62,0.34,13.0,0.37,0.998,0.075,9.4,3.22,5.0,2.2
5,9.2,0.67,0.695,56.0,0.0,0.9968,0.075,6.6,3.49,12.0,2.1
5,9.4,1.26,0.41,45.0,0.76,0.9968,0.611,7.7,3.06,8.0,1.8
7,10.5,0.8,0.31,33.0,0.47,0.99965,0.085,10.0,3.36,14.0,2.6
5,9.3,0.65,0.33,45.0,0.23,0.99625,0.077,7.9,3.29,18.0,1.7
4,9.4,0.6,0.975,67.0,0.04,0.99565,0.087,7.0,3.35,12.0,2.0
5,10.0,0.57,0.52,35.0,0.03,0.99575,0.07,8.0,3.34,10.0,1.7
5,9.3,0.67,0.37,49.0,0.23,0.9963,0.077,7.9,3.28,23.0,1.8
5,10.9,0.87,0.56,27.0,0.49,0.9999,0.064,12.5,3.08,5.0,2.4
4,9.8,0.72,0.87,61.0,0.0,1.00025,0.096,8.1,3.6,26.0,3.3
8,12.8,0.86,0.35,37.0,0.46,0.9973,0.078,7.9,3.35,15.0,3.6
6,9.4,0.91,0.54,27.0,0.04,0.9987,0.077,6.9,3.69,7.0,3.0
6,10.1,0.97,0.18,23.0,0.51,0.9996,0.104,11.5,3.28,4.0,4.0
6,10.7,0.67,0.545,61.0,0.06,0.9965,0.087,7.9,3.36,27.0,4.0
6,10.7,0.67,0.545,61.0,0.06,0.9965,0.087,7.9,3.36,27.0,4.0
6,9.4,0.91,0.54,27.0,0.04,0.9987,0.077,6.9,3.69,7.0,3.0
6,10.1,0.97,0.18,23.0,0.51,0.9996,0.104,11.5,3.28,4.0,4.0
8,12.6,0.82,0.32,13.0,0.45,0.9976,0.073,10.3,3.23,5.0,6.4
7,10.5,0.77,0.4,47.0,0.32,0.9991,0.087,8.9,3.38,10.0,5.6
6,9.3,0.82,0.26,19.0,0.44,0.9986,0.071,11.4,3.12,6.0,3.6
7,9.9,1.08,0.27,10.0,0.68,0.9972,0.358,7.7,3.25,5.0,3.5
7,10.5,0.77,0.4,47.0,0.32,0.9991,0.087,8.9,3.38,10.0,5.6
5,9.8,0.71,0.59,71.0,0.07,1.00015,0.102,9.9,3.31,32.0,3.4
5,9.8,0.71,0.59,71.0,0.07,1.00015,0.102,9.9,3.31,32.0,3.4
6,10.3,0.76,0.45,49.0,0.55,0.9997,0.073,12.0,3.1,25.0,2.0
6,10.3,0.7,0.4,53.0,0.12,0.9967,0.092,7.5,3.37,29.0,3.0
7,10.6,0.86,0.52,49.0,0.09,0.9976,0.091,8.7,3.34,20.0,2.5
5,9.2,0.95,0.42,98.0,0.53,1.001,0.105,11.6,3.2,33.0,3.3
7,10.6,0.86,0.52,49.0,0.09,0.9976,0.091,8.7,3.34,20.0,2.5
6,10.3,0.64,0.55,48.0,0.23,0.9994,0.091,10.4,3.22,18.0,2.7
6,10.1,0.6,0.36,16.0,0.25,0.9964,0.098,6.9,3.41,5.0,2.4
6,9.5,0.81,0.34,53.0,0.52,1.0014,0.094,13.3,3.05,17.0,3.2
5,9.5,0.64,0.5,27.0,0.46,1.0001,0.073,10.8,3.05,5.0,2.5
5,9.9,0.52,0.83,70.0,0.37,0.9981,0.086,10.6,3.16,26.0,2.6
5,9.6,0.73,0.63,29.0,0.06,0.99855,0.083,7.1,3.67,8.0,2.0
5,9.7,0.8,0.65,31.0,0.02,0.9993,0.094,7.2,3.67,5.0,2.3
6,10.7,0.59,0.53,44.0,0.06,0.9965,0.086,7.5,3.38,20.0,2.6
6,10.1,0.64,0.18,15.0,0.48,0.9973,0.068,11.1,3.22,7.0,1.5
5,10.0,0.72,0.705,28.0,0.12,0.9994,0.092,8.3,3.51,12.0,2.6
5,9.2,0.52,0.65,90.0,0.6,0.9973,0.112,8.4,3.2,12.0,2.1
5,9.4,0.52,0.62,54.0,0.32,0.9966,0.082,7.6,3.36,7.0,2.2
6,9.5,0.62,0.41,14.0,0.42,0.9994,0.213,10.3,3.19,6.0,2.4
6,9.5,0.63,0.43,12.0,0.44,0.9994,0.214,10.3,3.19,5.0,2.4
6,9.4,0.54,0.53,105.0,0.24,0.996,0.072,7.9,3.27,15.0,2.0
6,9.5,0.63,0.46,98.0,0.31,0.99815,0.093,9.0,3.32,19.0,2.8
5,9.4,0.53,0.47,135.0,0.3,0.9976,0.076,8.6,3.3,30.0,3.0
5,11.0,0.68,0.36,72.0,0.29,0.99645,0.087,7.4,3.39,26.0,2.6
7,11.5,0.71,0.66,59.0,0.39,0.9989,0.083,9.8,3.37,21.0,3.2
6,10.4,0.64,0.77,74.0,0.12,0.99865,0.082,9.6,3.3,30.0,2.9
5,9.7,0.62,0.61,87.0,0.26,0.99975,0.09,9.3,3.24,25.0,3.4
6,9.2,0.69,0.49,50.0,0.2,1.0015,0.071,10.0,3.16,13.0,11.0
6,9.2,0.69,0.49,50.0,0.2,1.0015,0.071,10.0,3.16,13.0,11.0
7,11.5,0.74,0.53,14.0,0.66,0.9978,0.121,11.6,3.05,6.0,3.65
5,11.5,0.83,0.44,13.0,0.5,0.998,0.107,10.3,3.28,5.0,4.5
6,9.7,0.67,0.27,21.0,0.62,1.0002,0.082,13.4,3.16,6.0,2.6
5,11.0,0.52,0.56,44.0,0.08,0.9958,0.105,8.4,3.13,16.0,2.1
7,11.7,0.74,0.65,38.0,0.01,0.9963,0.078,7.9,3.34,17.0,2.5
7,12.2,0.84,0.695,21.0,0.53,0.9992,0.128,11.9,3.17,7.0,3.4
6,12.5,0.7,0.43,16.0,0.45,0.9948,0.052,8.9,3.35,6.0,1.9
5,10.3,0.64,0.43,58.0,0.32,0.9974,0.08,7.8,3.31,29.0,2.8
7,9.8,1.36,0.28,29.0,0.54,0.9997,0.082,12.5,3.11,12.0,2.3
6,9.8,0.75,0.39,14.0,0.47,0.9982,0.118,10.9,3.3,6.0,1.8
6,9.8,0.75,0.39,14.0,0.47,0.9982,0.118,10.9,3.3,6.0,1.8
6,10.7,0.78,0.57,32.0,0.5,1.0006,0.082,11.9,3.12,6.0,2.6
6,12.0,0.93,0.49,15.0,0.67,0.9986,0.093,13.8,3.02,6.0,3.0
6,10.0,0.92,0.56,46.0,0.31,0.9979,0.089,9.6,3.11,15.0,2.8
6,9.4,0.83,0.795,26.0,0.0,0.9994,0.096,9.1,3.35,11.0,2.6
5,9.3,0.73,0.665,19.0,0.0,0.9974,0.09,7.7,3.27,8.0,2.4
5,13.0,0.77,0.53,77.0,0.79,1.0018,0.12,13.5,3.18,23.0,4.8
6,11.9,0.59,0.21,165.0,0.4,0.9912,0.066,6.1,3.25,40.5,1.4
6,12.8,0.61,0.75,32.0,0.01,0.9955,0.078,6.7,3.55,17.0,2.4
5,11.0,0.88,0.41,55.0,0.52,1.0001,0.08,11.5,3.26,29.0,3.0
7,11.7,0.75,0.42,29.0,0.66,0.997,0.116,10.5,3.24,12.0,2.95
7,10.4,0.85,0.43,23.0,0.66,1.0,0.109,11.9,3.15,10.0,3.1
6,9.8,0.68,0.38,41.0,0.66,1.001,0.088,12.6,3.17,10.0,2.6
5,9.4,0.7,0.7,81.0,0.23,0.9973,0.099,8.2,3.19,14.0,2.0
6,9.9,0.91,0.45,50.0,0.31,0.9982,0.086,8.6,3.37,21.0,2.6
5,10.0,0.56,0.58,37.0,0.66,0.9992,0.072,11.9,3.05,6.0,2.5
5,10.2,0.87,0.46,15.0,0.63,0.9988,0.071,12.5,2.99,6.0,2.0
7,10.0,0.73,0.615,42.0,0.66,1.0022,0.083,12.8,3.07,7.0,5.8
7,10.0,0.73,0.615,42.0,0.66,1.0022,0.083,12.8,3.07,7.0,5.8
5,9.0,0.69,0.575,24.0,0.61,1.0,0.076,10.4,3.16,11.0,2.6
7,12.0,1.13,0.27,18.0,0.53,0.9962,0.074,9.4,3.2,6.0,2.4
6,8.7,0.87,0.24,25.0,0.4,0.9967,0.056,7.9,3.32,11.0,1.6
6,10.6,1.04,0.28,46.0,0.48,0.9967,0.067,9.1,3.32,26.0,1.8
6,11.0,1.11,0.45,47.0,0.5,1.0003,0.078,11.5,3.26,19.0,3.0
7,12.0,1.13,0.27,18.0,0.53,0.9962,0.074,9.4,3.2,6.0,2.4
6,13.3,0.99,0.625,24.0,0.66,0.9988,0.088,11.4,3.11,6.0,6.2
6,9.4,0.8,0.26,27.0,0.42,0.9974,0.08,8.3,3.21,11.0,2.0
5,9.2,0.74,0.51,54.0,0.28,0.998,0.087,7.7,3.42,23.0,2.1
6,9.2,0.74,0.46,53.0,0.26,0.9981,0.088,7.8,3.43,23.0,1.9
8,12.9,0.82,0.85,88.0,0.05,0.9924,0.045,5.6,3.56,12.0,1.4
6,10.0,0.8,0.415,43.0,0.68,1.0014,0.085,13.7,3.06,17.0,2.9
5,9.5,0.51,0.37,26.0,0.52,0.998,0.082,9.5,3.18,6.0,2.0
7,13.0,0.6,0.37,38.0,0.76,1.0004,0.066,12.0,3.22,7.0,4.2
5,9.9,0.53,0.735,124.0,0.02,0.9994,0.122,6.6,3.47,68.0,7.9
6,11.0,0.65,0.59,49.0,0.59,0.9988,0.087,11.5,3.18,13.0,2.6
5,9.4,0.55,0.765,42.0,0.22,0.9963,0.064,8.7,3.1,9.0,2.3
5,9.9,0.53,0.735,124.0,0.02,0.9994,0.122,6.6,3.47,68.0,7.9
6,10.5,0.61,0.48,64.0,0.54,1.0,0.085,12.2,3.1,19.0,2.6
6,10.5,0.63,0.6,41.0,0.49,0.9994,0.085,11.4,3.15,10.0,2.7
5,9.1,0.61,0.69,27.0,0.05,0.9974,0.075,7.7,3.26,15.0,2.7
6,10.8,0.65,0.44,28.0,0.47,0.9981,0.063,9.8,3.24,9.0,2.5
7,10.8,0.63,0.39,30.0,0.66,0.9996,0.093,12.0,3.18,12.0,3.0
4,9.6,0.57,0.46,49.0,0.49,0.9981,0.07,12.5,3.05,26.0,4.5
6,9.5,0.62,0.43,86.0,0.34,0.9987,0.08,9.0,3.38,26.0,2.5
5,9.3,0.64,0.735,77.0,0.16,0.9966,0.1,7.1,3.27,15.0,1.9
7,11.7,0.82,0.4,19.0,0.53,0.9986,0.097,9.9,3.27,6.0,6.7
5,9.5,0.61,0.52,122.0,0.34,0.9982,0.087,8.8,3.26,24.0,2.7
5,9.3,1.07,0.725,134.0,0.24,1.0014,0.117,8.6,3.32,31.0,6.6
6,11.7,0.66,0.48,20.0,0.64,0.997,0.111,10.6,3.26,6.0,2.2
5,10.5,0.48,0.58,124.0,0.12,0.9956,0.091,7.0,3.44,34.0,1.9
6,10.4,0.76,0.38,20.0,0.51,0.9996,0.121,11.9,3.24,7.0,2.0
5,9.9,0.68,0.77,52.0,0.0,0.9976,0.066,6.8,3.62,34.0,1.8
7,12.3,0.56,0.84,48.0,0.03,0.9952,0.059,6.6,3.52,32.0,2.3
5,10.9,0.44,0.96,60.0,0.2,0.9955,0.047,7.7,3.36,15.0,2.0
7,11.0,0.9,0.24,24.0,0.47,0.9978,0.066,10.5,3.15,6.0,2.1
7,12.3,0.56,0.84,48.0,0.03,0.9952,0.059,6.6,3.52,32.0,2.3
6,11.4,0.49,0.67,48.0,0.08,0.9949,0.045,6.4,3.49,19.0,2.1
6,10.6,0.56,0.78,32.0,0.22,0.9988,0.077,9.5,3.26,6.0,1.9
5,9.3,0.6,0.52,30.0,0.33,0.9978,0.07,9.1,3.24,9.0,1.3
6,10.4,0.6,0.84,35.0,0.63,0.9997,0.088,12.8,3.1,13.0,2.4
7,11.0,0.9,0.24,24.0,0.47,0.9978,0.066,10.5,3.15,6.0,2.1
5,9.2,0.56,0.55,66.0,0.35,0.9974,0.074,7.8,3.25,21.0,2.2
5,9.5,0.49,0.39,18.0,0.63,1.0004,0.091,12.3,3.16,6.0,2.3
6,9.9,0.89,0.41,54.0,0.55,0.9996,0.076,10.4,3.15,22.0,3.2
5,9.5,0.49,0.39,18.0,0.63,1.0004,0.091,12.3,3.16,6.0,2.3
6,10.2,0.56,0.67,62.0,0.3,0.9958,0.06,8.0,3.26,38.0,2.0
6,11.2,0.66,0.45,22.0,0.73,0.9986,0.066,11.1,3.17,6.0,3.2
5,9.3,0.6,0.62,50.0,0.18,0.9951,0.062,7.0,3.08,7.0,1.5
8,9.8,0.82,0.31,29.0,0.72,0.9987,0.072,12.6,2.88,6.0,2.2
7,11.2,0.68,0.685,43.0,0.76,1.0032,0.1,15.6,2.95,6.0,3.7
7,12.5,0.84,0.57,27.0,0.01,0.9934,0.054,5.3,3.57,5.0,1.7
5,10.5,0.73,0.38,72.0,0.6,0.9996,0.081,12.5,3.1,31.0,2.6
5,11.2,0.72,0.48,16.0,0.29,0.9968,0.127,9.3,3.22,6.0,2.1
6,10.2,0.56,0.53,27.0,0.22,0.9967,0.1,8.6,3.2,7.0,2.0
6,10.8,0.61,0.39,35.0,0.69,0.9994,0.095,11.9,3.1,17.0,2.8
6,10.8,0.61,0.39,35.0,0.69,0.9994,0.095,11.9,3.1,17.0,2.8
6,10.0,0.63,0.56,35.0,0.03,0.9968,0.084,6.8,3.44,18.0,1.7
7,11.2,0.74,0.33,22.0,0.63,0.9998,0.084,10.4,3.26,5.0,2.8
5,11.1,0.63,0.23,67.0,0.4,0.9952,0.063,7.0,3.5,21.0,1.6
8,13.4,0.69,0.62,19.0,0.67,0.9988,0.086,11.3,3.22,6.0,5.2
5,10.3,0.58,0.59,22.0,0.39,0.9986,0.095,8.9,3.37,5.0,2.3
5,9.6,0.58,0.63,65.0,0.21,0.9988,0.097,9.2,3.28,29.0,2.7
3,9.0,0.57,0.58,47.0,0.66,1.0008,0.074,11.6,3.25,10.0,2.2
6,11.3,0.61,0.43,23.0,0.52,0.9976,0.083,9.2,3.35,14.0,2.3
5,9.3,0.61,0.615,19.0,0.22,0.9982,0.087,8.3,3.26,6.0,2.6
6,9.2,0.7,0.315,15.0,0.54,0.9987,0.084,11.5,2.98,5.0,2.1
6,11.5,0.72,0.5,51.0,0.42,0.9982,0.069,10.3,3.16,21.0,2.0
6,14.0,0.79,0.46,18.0,0.45,0.9947,0.065,8.8,3.32,7.0,2.6
6,9.2,0.62,0.36,21.0,0.69,1.0,0.09,11.4,3.17,6.0,2.1
5,9.8,0.58,0.82,48.0,0.02,0.9952,0.07,8.7,3.2,36.0,1.2
5,10.6,0.61,0.32,47.0,0.65,0.9996,0.093,13.0,3.05,15.0,2.6
6,11.4,0.71,0.54,52.0,0.42,0.997,0.081,9.6,3.2,25.0,2.4
6,10.4,0.82,0.37,68.0,0.55,0.9995,0.083,12.5,3.15,25.0,2.6
5,10.2,0.6,0.68,28.0,0.24,0.9988,0.087,9.6,3.14,5.0,2.2
5,9.7,0.7,0.27,16.0,0.41,0.998,0.091,9.3,3.28,6.0,2.0
6,11.0,1.06,0.24,20.0,0.49,0.9977,0.075,10.4,3.18,6.0,1.8
6,10.1,0.7,0.685,31.0,0.11,0.9984,0.077,9.4,3.19,6.0,2.7
5,9.2,0.66,0.28,23.0,0.39,1.0026,0.069,10.6,3.12,6.0,15.5
8,11.7,0.92,0.3,17.0,0.56,0.9964,0.08,9.4,3.15,6.0,2.8
5,9.4,1.06,0.36,18.0,0.6,0.9986,0.152,10.6,3.04,7.0,2.2
5,10.0,0.47,0.67,17.0,0.39,0.9976,0.054,10.2,3.17,6.0,1.9
6,10.0,0.42,0.645,14.0,0.36,0.9982,0.053,10.2,3.17,5.0,1.8
6,10.2,0.75,0.39,26.0,0.4,0.9984,0.073,9.3,3.34,10.0,2.6
7,13.3,0.79,0.41,25.0,0.5,0.9952,0.055,9.2,3.34,12.0,2.5
7,13.4,0.9,0.4,27.0,0.51,0.995,0.052,8.9,3.32,13.0,2.6
6,11.6,0.74,0.69,81.0,0.31,1.0002,0.086,8.7,3.48,23.0,3.0
6,12.1,0.55,0.39,91.0,0.23,0.9952,0.051,6.5,3.44,28.0,8.3
8,11.0,0.65,0.35,16.0,0.53,0.9972,0.07,10.7,3.15,5.0,2.6
6,9.0,0.65,0.52,38.0,0.25,0.9984,0.081,7.8,3.43,14.0,1.9
5,11.1,0.79,0.34,113.0,0.32,0.9966,0.09,7.2,3.32,43.0,2.5
8,11.0,0.65,0.35,16.0,0.53,0.9972,0.07,10.7,3.15,5.0,2.6
6,11.6,0.74,0.69,81.0,0.31,1.0002,0.086,8.7,3.48,23.0,3.0
6,9.0,0.65,0.52,38.0,0.25,0.9984,0.081,7.8,3.43,14.0,1.9
7,12.0,0.85,0.44,76.0,0.73,0.999,0.074,10.4,3.17,38.0,6.55
7,12.0,0.85,0.44,76.0,0.73,0.999,0.074,10.4,3.17,38.0,6.55
7,10.8,1.05,0.24,22.0,0.42,0.9976,0.077,10.5,3.21,6.0,1.8
7,12.5,0.78,0.49,26.0,0.63,0.9968,0.072,10.2,3.16,10.0,2.9
7,10.8,1.02,0.24,21.0,0.46,0.9976,0.075,10.4,3.25,6.0,1.8
6,9.5,0.71,0.67,13.0,0.55,1.0,0.084,11.2,3.17,6.0,2.3
7,11.4,0.68,0.29,43.0,0.75,0.9986,0.084,13.3,3.04,23.0,2.8
6,10.2,0.63,0.59,62.0,0.31,0.9994,0.09,10.0,3.18,26.0,2.2
6,9.7,0.81,0.4,49.0,0.48,0.998,0.125,10.7,3.03,15.0,2.1
7,11.8,0.66,0.51,15.0,0.64,0.9973,0.107,10.5,3.09,6.0,2.4
7,11.8,0.66,0.51,15.0,0.64,0.9973,0.107,10.5,3.09,6.0,2.4
5,9.3,1.14,0.655,151.0,0.49,1.001,0.122,8.5,3.31,34.0,6.1
6,11.9,0.74,0.6,14.0,0.49,1.001,0.1,12.5,3.25,5.0,4.3
3,8.4,0.63,0.61,16.0,0.49,0.9994,0.2,10.4,3.16,5.0,2.1
6,10.0,0.9,0.25,33.0,0.49,0.9982,0.088,9.8,3.42,15.0,2.7
5,9.4,0.55,0.4,142.0,0.49,0.9978,0.085,9.3,3.22,38.0,2.5
5,9.5,0.64,0.43,116.0,0.49,0.9976,0.086,9.2,3.23,23.0,2.4
6,11.4,0.77,0.38,85.0,0.49,0.9962,0.097,7.0,3.39,33.0,2.5
5,9.4,0.57,0.63,33.0,0.24,0.9974,0.077,9.9,3.09,6.0,2.4
6,10.3,0.87,0.22,28.0,0.24,0.999,0.078,9.1,3.41,1.0,2.1
5,10.3,0.61,0.38,42.0,0.49,1.0004,0.098,11.9,3.16,12.0,2.7
5,10.3,0.61,0.38,42.0,0.49,1.0004,0.098,11.9,3.16,12.0,2.7
6,12.8,0.66,0.27,33.0,0.24,0.9956,0.072,10.3,3.22,15.0,2.1
6,10.0,0.56,0.48,32.0,0.24,1.0,0.102,10.0,3.28,13.0,2.7
6,10.3,0.87,0.22,28.0,0.24,0.999,0.078,9.1,3.41,1.0,2.1
5,9.4,0.57,0.63,33.0,0.24,0.9974,0.077,9.9,3.09,6.0,2.4
6,10.7,0.77,0.825,13.0,0.24,0.9972,0.084,8.1,3.37,5.0,2.1
7,12.0,0.66,0.35,35.0,0.49,1.0014,0.066,12.9,3.2,5.0,5.8
5,11.2,0.62,0.5,17.0,0.74,0.9996,0.1,11.2,3.22,5.0,5.15
5,9.6,0.67,0.59,47.0,0.24,0.9988,0.101,9.2,3.26,20.0,3.3
6,11.0,0.73,0.46,17.0,0.49,0.9988,0.064,9.5,3.21,5.0,6.3
5,9.9,0.59,0.715,20.0,0.24,0.9966,0.07,9.3,3.12,5.0,2.1
6,11.0,0.72,0.66,53.0,0.24,0.9993,0.085,11.2,3.06,16.0,2.5
6,8.4,0.79,0.31,15.0,0.74,1.0008,0.075,14.3,2.86,6.0,1.8
5,9.1,0.59,0.47,106.0,0.49,0.9982,0.094,9.1,3.08,38.0,2.6
6,9.5,0.78,0.55,28.0,0.24,0.9983,0.078,7.5,3.45,10.0,2.0
6,10.7,0.86,0.31,21.0,0.49,0.9987,0.067,10.6,3.26,6.0,2.5
6,10.4,0.75,0.35,69.0,0.49,0.9994,0.079,12.4,3.12,27.0,2.6
6,9.5,0.56,0.51,25.0,0.01,0.9958,0.074,6.8,3.33,9.0,2.1
6,10.0,0.73,0.43,45.0,0.24,0.998,0.092,9.4,3.19,14.0,2.8
6,10.0,0.74,0.46,44.0,0.24,0.998,0.092,9.5,3.12,14.0,2.7
5,11.5,0.62,1.04,96.0,0.24,0.9934,0.05,5.0,3.74,32.0,1.6
5,11.1,0.74,0.645,23.0,0.49,1.00315,0.095,15.5,2.92,10.0,4.2
6,11.7,0.56,0.53,17.0,0.49,1.0002,0.118,10.9,3.07,10.0,4.6
5,11.1,0.74,0.645,23.0,0.49,1.00315,0.095,15.6,2.92,10.0,4.2
6,12.7,0.68,0.47,47.0,0.49,1.0021,0.085,13.0,3.3,6.0,4.3
5,11.4,0.57,0.6,19.0,0.49,0.9994,0.075,12.7,3.14,5.0,2.8
5,9.2,0.61,0.54,110.0,0.49,0.9982,0.094,9.0,3.08,41.0,2.9
6,10.1,0.61,0.29,60.0,0.49,0.9971,0.092,7.6,3.31,25.0,2.7
6,12.7,0.68,0.47,47.0,0.49,1.0021,0.085,13.0,3.3,6.0,4.3
5,11.4,0.57,0.6,19.0,0.49,0.9994,0.075,12.7,3.14,5.0,2.8
6,9.0,0.6,0.7,15.0,0.24,0.9991,0.226,8.7,3.32,5.0,2.5
6,10.7,0.79,0.5,20.0,0.49,0.999,0.25,9.8,3.31,5.0,2.6
6,11.7,0.57,0.36,42.0,0.24,0.9946,0.095,6.2,3.57,19.0,2.2
6,11.0,0.91,0.35,37.0,0.49,1.0003,0.07,11.5,3.32,10.0,3.3
5,10.4,0.61,0.24,28.0,0.49,0.9978,0.075,10.2,3.14,10.0,2.4
4,10.0,0.52,0.5,14.0,0.24,0.9978,0.103,9.9,3.34,6.0,2.3
5,9.5,0.6,0.44,111.0,0.49,0.9982,0.083,8.8,3.3,18.0,2.8
5,9.8,0.6,0.47,110.0,0.49,0.9982,0.085,8.8,3.29,17.0,2.9
6,9.8,0.51,0.31,40.0,0.49,0.9976,0.063,10.6,3.14,18.0,2.2
5,9.6,0.44,0.5,14.0,0.49,1.0002,0.089,12.3,3.19,5.0,2.2
5,9.6,0.44,0.5,14.0,0.49,1.0002,0.089,12.3,3.19,5.0,2.2
7,9.9,0.66,0.28,21.0,0.49,0.9976,0.074,12.0,2.98,10.0,1.9
5,9.3,0.59,0.73,102.0,0.24,0.9967,0.108,7.3,3.26,18.0,1.9
8,14.0,0.74,0.42,50.0,0.24,0.9917,0.06,5.0,3.72,19.0,2.0
5,9.7,0.57,0.45,75.0,0.49,0.9987,0.084,9.0,3.35,21.0,2.6
6,11.5,0.5,0.39,149.0,0.49,0.9922,0.07,6.6,3.12,23.0,1.7
5,9.7,0.57,0.45,75.0,0.49,0.9987,0.084,9.0,3.35,21.0,2.6
5,9.0,0.58,0.49,43.0,0.58,1.0004,0.094,9.9,3.29,9.0,3.5
5,9.3,0.57,0.595,109.0,0.41,0.9998,0.086,8.9,3.27,30.0,7.9
6,9.3,0.6,0.4,24.0,0.51,0.9994,0.059,12.4,3.04,6.0,2.0
6,9.8,0.48,0.585,30.0,0.18,0.9967,0.078,8.5,3.2,5.0,2.1
5,9.3,0.52,0.835,14.0,0.0,0.9975,0.081,7.7,3.3,6.0,2.6
6,9.1,0.62,0.58,63.0,0.13,0.9984,0.096,8.3,3.17,14.0,2.9
6,10.5,0.53,0.48,52.0,0.41,0.9982,0.092,8.8,3.31,26.0,3.3
6,10.4,0.64,0.65,65.0,0.37,1.0026,0.11,10.1,3.32,11.0,5.1
6,12.7,0.52,0.36,39.0,0.19,0.9956,0.075,6.3,3.56,15.0,3.2
5,9.2,0.54,0.24,57.0,0.54,0.9983,0.083,8.8,3.39,25.0,2.5
5,9.4,0.54,0.38,16.0,0.55,1.0006,0.081,13.2,2.98,5.0,2.7
6,10.0,0.6,0.64,29.0,0.0,0.9965,0.077,7.5,3.32,18.0,2.4
5,9.7,0.57,0.6,71.0,0.5,0.9997,0.079,9.6,3.5,28.0,2.3
6,9.8,0.93,0.31,28.0,0.51,0.9982,0.079,11.5,3.03,14.0,2.2
5,9.3,0.8,0.37,16.0,0.41,0.9988,0.088,11.3,3.09,6.0,2.3
5,9.4,0.61,0.54,112.0,0.24,0.9976,0.076,8.3,3.27,16.0,3.4
5,9.4,0.62,0.56,104.0,0.23,0.9976,0.078,8.2,3.28,14.0,3.4
5,9.5,0.55,0.58,32.0,0.22,0.9974,0.08,10.0,3.13,9.0,1.9
5,10.2,0.72,0.69,58.0,0.0,0.9997,0.124,6.8,3.46,21.0,5.6
5,9.1,0.49,0.6,15.0,0.29,0.9988,0.098,8.8,3.36,5.0,2.2
5,9.1,0.49,0.6,15.0,0.29,0.9988,0.098,8.8,3.36,5.0,2.2
6,9.3,0.6,0.54,31.0,0.26,0.9976,0.097,8.7,3.27,7.0,2.5
5,9.3,0.61,0.685,84.0,0.23,0.9964,0.111,7.6,3.21,20.0,2.3
6,9.3,0.6,0.54,31.0,0.26,0.9976,0.097,8.7,3.27,7.0,2.5
5,9.5,0.63,0.28,19.0,0.54,0.9988,0.105,10.4,3.25,5.0,2.7
6,10.5,0.57,0.41,43.0,0.14,0.9964,0.087,7.6,3.32,21.0,3.0
4,11.3,0.64,0.935,86.0,0.22,1.001,0.105,10.1,3.43,11.0,3.4
5,9.5,0.58,0.35,102.0,0.21,0.9964,0.073,7.9,3.27,46.0,1.9
5,9.7,0.55,0.84,33.0,0.0,0.9954,0.065,8.7,3.27,24.0,1.4
5,9.4,0.53,0.88,147.0,0.28,0.9979,0.086,9.6,3.24,30.0,2.4
5,9.4,0.53,0.885,145.0,0.27,0.9978,0.084,9.5,3.24,31.0,2.3
6,10.3,1.36,0.29,57.0,0.35,0.997,0.067,8.9,3.18,25.0,1.9
5,9.4,0.62,0.54,40.0,0.45,0.9991,0.071,9.9,3.39,16.0,2.3
5,9.4,0.62,0.54,40.0,0.45,0.9991,0.071,9.9,3.39,16.0,2.3
5,9.4,0.62,0.54,40.0,0.45,0.9991,0.071,9.9,3.39,16.0,2.3
4,11.0,0.58,0.845,14.0,0.01,0.9967,0.07,8.3,3.32,5.0,2.2
7,11.2,0.67,0.48,28.0,0.3,0.9964,0.066,8.7,3.33,10.0,2.8
6,11.3,0.57,0.42,148.0,0.27,0.9948,0.068,6.7,3.16,24.0,8.6
5,9.6,0.5,0.43,32.0,0.39,0.9986,0.106,10.7,2.89,8.0,2.2
5,14.9,0.84,0.36,71.0,0.65,0.9976,0.096,15.9,2.98,22.0,7.5
6,12.0,0.54,0.33,30.0,0.59,0.9976,0.079,9.4,3.12,9.0,2.8
5,9.5,0.46,0.47,29.0,0.47,0.9979,0.074,8.6,3.08,7.0,2.4
5,9.4,0.61,0.55,53.0,0.17,1.0004,0.087,9.7,3.14,20.0,2.9
5,9.6,0.5,0.43,32.0,0.39,0.9986,0.106,10.7,2.89,8.0,2.2
7,10.5,0.68,0.5,42.0,0.59,0.998,0.073,12.0,2.92,23.0,1.4
6,9.6,0.81,0.52,20.0,0.07,0.9973,0.074,7.2,3.32,5.0,1.4
6,9.6,0.81,0.52,20.0,0.07,0.9973,0.074,7.2,3.32,5.0,1.4
5,9.0,0.64,0.42,42.0,0.31,0.9978,0.08,7.5,3.31,15.0,1.6
6,9.6,0.7,0.57,27.0,0.06,0.9972,0.076,7.2,3.36,9.0,1.6
5,9.7,0.56,0.59,48.0,0.14,0.9981,0.084,9.4,3.14,25.0,2.0
6,9.5,0.6,0.49,16.0,0.36,0.998,0.222,8.3,3.18,6.0,1.8
6,9.2,0.66,0.34,15.0,0.45,0.9988,0.082,11.3,2.94,6.0,2.0
6,9.2,0.66,0.34,15.0,0.45,0.9988,0.082,11.3,2.94,6.0,2.0
5,9.5,0.52,0.73,13.0,0.21,0.9968,0.074,8.2,3.2,5.0,1.7
5,9.5,0.52,0.73,13.0,0.21,0.9968,0.074,8.2,3.2,5.0,1.7
6,9.3,0.67,0.4,17.0,0.41,0.9984,0.084,10.8,3.08,7.0,2.2
5,9.9,0.48,0.8,31.0,0.11,0.9979,0.084,8.6,3.4,12.0,2.3
5,10.0,0.53,0.78,87.0,0.1,0.9983,0.081,8.3,3.48,45.0,2.6
5,9.6,0.54,0.26,49.0,0.45,0.9972,0.06,10.8,3.13,20.0,3.3
6,10.2,0.49,0.45,29.0,0.23,0.9962,0.094,8.0,3.21,16.0,2.2
5,9.8,0.54,0.46,58.0,0.31,0.998,0.078,8.5,3.33,32.0,2.25
5,11.3,0.56,0.78,15.0,0.23,0.997,0.059,8.1,3.37,5.0,2.6
5,9.4,0.48,0.98,152.0,0.32,0.998,0.078,9.8,3.25,35.0,2.3
5,11.3,0.56,0.78,15.0,0.23,0.997,0.059,8.1,3.37,5.0,2.6
5,9.4,0.47,0.66,9.0,0.04,0.9962,0.039,7.7,3.4,4.0,1.6
5,9.4,1.05,0.38,17.0,0.48,0.9976,0.157,8.1,3.3,5.0,1.8
5,9.8,0.54,0.92,93.0,0.24,0.9998,0.087,9.2,3.48,12.0,2.6
5,9.0,1.17,0.49,62.0,0.51,0.9979,0.422,8.6,3.03,16.0,2.0
5,9.4,0.62,0.48,122.0,0.32,0.9984,0.084,9.0,3.32,21.0,2.8
5,9.4,0.61,0.47,125.0,0.31,0.9984,0.084,9.0,3.31,24.0,2.7
6,12.8,0.62,0.47,44.0,0.02,0.9921,0.034,5.1,3.9,18.0,1.3
6,9.5,0.67,0.65,25.0,0.02,0.9972,0.066,7.0,3.47,8.0,2.1
5,9.7,0.53,0.615,72.0,0.28,1.0001,0.087,9.4,3.31,18.0,3.2
6,10.8,0.62,0.38,19.0,0.55,0.9986,0.071,11.8,3.11,5.0,2.1
6,10.1,0.57,1.02,88.0,0.43,0.9984,0.076,10.6,3.08,26.0,2.9
6,9.5,0.67,0.65,25.0,0.02,0.9972,0.066,7.0,3.47,8.0,2.1
6,9.4,0.67,0.64,23.0,0.02,0.997,0.067,7.0,3.47,9.0,2.1
4,9.6,0.7,0.38,84.0,0.48,0.9972,0.073,7.5,3.32,22.0,2.6
4,9.7,0.54,0.765,14.0,0.04,0.998,0.078,9.1,3.29,4.0,1.6
5,9.9,0.49,1.035,54.0,0.15,0.999,0.073,8.4,3.37,11.0,6.0
5,10.0,0.47,0.78,19.0,0.08,0.9956,0.093,7.0,3.4,10.0,2.0
5,10.5,0.51,0.49,37.0,0.19,0.9966,0.077,7.4,3.37,16.0,3.0
6,11.6,0.61,0.545,35.0,0.12,0.996,0.068,7.8,3.34,11.0,2.5
5,10.1,0.57,1.025,84.0,0.43,0.9985,0.08,10.6,3.06,21.0,2.8
5,9.5,0.61,0.565,112.0,0.34,0.9998,0.093,8.9,3.38,16.0,3.0
5,9.8,0.51,0.74,77.0,0.28,0.998,0.078,9.9,3.28,21.0,2.6
5,10.0,0.57,0.46,49.0,0.11,0.9968,0.079,7.6,3.21,12.0,2.6
5,9.6,0.44,0.56,22.0,0.04,0.9976,0.082,8.4,3.22,10.0,2.0
5,9.5,0.54,0.66,45.0,0.0,0.9976,0.086,7.1,3.46,17.0,3.9
5,9.6,0.44,0.56,22.0,0.04,0.9976,0.082,8.4,3.22,10.0,2.0
5,9.2,0.53,0.48,106.0,0.24,0.9982,0.094,8.9,3.1,35.0,2.85
5,9.5,1.62,0.31,127.0,0.3,0.9965,0.053,7.1,2.94,36.0,2.2
5,10.4,0.55,0.66,13.0,0.17,0.9976,0.077,9.0,3.29,5.0,3.0
6,11.1,0.72,0.72,49.0,0.09,0.9994,0.084,8.1,3.43,18.0,2.8
5,9.5,0.68,0.57,11.0,0.02,0.997,0.067,6.4,3.46,4.0,1.8
5,9.5,0.68,0.57,11.0,0.02,0.997,0.067,6.4,3.46,4.0,1.8
6,12.7,0.49,0.865,58.0,0.03,0.995,0.071,6.4,3.61,27.0,3.2
5,9.6,0.67,0.55,37.0,0.66,0.9982,0.387,9.5,3.17,12.0,2.3
5,11.5,0.52,0.875,14.0,0.13,0.9994,0.088,8.9,3.44,4.0,3.45
5,9.6,0.47,0.835,19.0,0.03,0.9966,0.092,7.3,3.39,10.0,2.1
5,9.5,0.6,0.45,72.0,0.34,0.998,0.082,7.0,3.55,16.0,2.7
5,9.3,0.62,0.56,39.0,0.2,0.9987,0.075,7.7,3.48,9.0,2.0
5,9.5,0.5,0.965,22.0,0.1,0.9963,0.112,7.7,3.26,11.0,2.1
6,9.3,0.65,0.59,58.0,0.0,1.0002,0.093,8.2,3.5,19.0,2.5
5,9.3,0.6,0.69,38.0,0.0,0.999,0.088,9.0,3.35,19.0,2.4
6,11.5,0.68,0.76,16.0,0.29,0.9965,0.075,8.3,3.45,12.0,4.2
5,9.5,0.57,0.53,139.0,0.24,0.99788,0.078,9.2,3.21,28.0,2.6
5,9.5,0.51,0.39,101.0,0.54,1.0001,0.095,11.1,3.13,21.0,2.7
6,9.5,0.73,0.51,28.0,0.18,0.99768,0.07,7.3,3.52,12.0,2.1
6,9.0,0.47,0.34,57.0,0.38,0.9978,0.08,8.2,3.3,12.0,2.5
6,9.6,0.72,0.5,31.0,0.18,0.99761,0.071,7.2,3.52,12.0,2.1
6,9.5,0.73,0.51,28.0,0.18,0.99768,0.07,7.3,3.52,12.0,2.1
5,9.5,0.55,0.65,40.0,0.1,0.99803,0.089,8.3,3.29,17.0,2.9
5,9.4,0.61,0.54,66.0,0.13,0.99785,0.097,7.6,3.39,24.0,2.5
5,9.5,0.55,0.65,40.0,0.1,0.99803,0.089,8.3,3.29,17.0,2.9
6,9.1,1.06,0.48,32.0,0.68,0.99656,0.415,7.8,3.09,14.0,1.7
6,10.7,0.43,0.91,47.0,0.07,0.99525,0.058,7.8,3.51,22.0,1.9
6,11.2,0.46,0.98,33.0,0.01,0.99488,0.057,6.3,3.6,15.0,2.0
5,9.8,0.5,0.87,31.0,0.0,0.99656,0.084,8.1,3.25,10.0,2.2
5,9.8,0.5,0.87,31.0,0.0,0.99656,0.084,8.1,3.25,10.0,2.2
5,9.2,0.52,0.42,88.0,0.21,0.99823,0.092,8.8,3.19,33.0,2.5
5,9.7,0.57,0.58,104.0,0.25,0.99779,0.075,9.0,3.23,9.0,2.8
5,9.6,0.42,0.655,35.0,0.26,0.99738,0.096,9.3,3.25,5.0,2.0
6,10.0,0.53,0.7,19.0,0.0,0.99701,0.069,8.8,3.31,8.0,1.7
6,9.5,0.55,0.68,44.0,0.11,0.99888,0.093,9.1,3.31,11.0,2.8
6,9.5,0.54,0.67,48.0,0.1,0.99888,0.091,9.2,3.31,12.0,3.0
5,9.4,0.54,0.59,74.0,0.18,0.99738,0.089,8.8,3.14,12.0,2.9
6,9.7,0.53,0.59,94.0,0.02,0.99744,0.082,7.1,3.55,24.0,2.3
5,9.6,0.54,0.72,32.0,0.01,0.99668,0.076,7.9,3.39,7.0,1.9
6,9.7,0.53,0.59,94.0,0.02,0.99744,0.082,7.1,3.55,24.0,2.3
5,9.4,0.55,0.685,143.0,0.26,0.9978,0.082,9.4,3.28,23.0,2.4
5,9.4,0.55,0.57,144.0,0.27,0.99782,0.082,9.5,3.27,23.0,2.3
6,9.5,0.92,0.4,44.0,0.29,0.9973,0.157,7.9,3.3,1.0,1.8
5,10.0,0.46,1.0,16.0,0.0,0.99586,0.102,7.2,3.43,7.0,3.0
6,10.3,0.59,0.635,18.0,0.17,0.9961,0.241,6.9,3.4,6.0,2.4
5,10.5,0.61,0.43,34.0,0.3,0.99788,0.079,8.3,3.36,7.0,3.4
5,9.8,0.6,0.52,92.0,0.03,0.99745,0.076,7.1,3.5,21.0,2.6
6,9.4,0.6,0.57,45.0,0.0,0.99676,0.19,7.0,3.31,12.0,2.0
5,9.8,0.65,0.46,37.0,0.14,0.99732,0.114,6.5,3.66,9.0,2.4
5,9.8,0.59,0.59,85.0,0.01,0.99746,0.077,7.1,3.55,20.0,2.5
5,9.5,0.5,0.35,61.0,0.41,0.9982,0.083,9.9,3.21,11.0,2.3
6,10.1,0.56,0.56,58.0,0.24,0.9991,0.079,10.0,3.18,19.0,2.2
6,10.1,0.56,0.56,58.0,0.24,0.9991,0.079,10.0,3.18,19.0,2.2
5,9.3,0.52,0.63,119.0,0.17,0.998,0.099,8.6,3.09,21.0,2.9
6,9.7,0.68,0.37,82.0,0.43,0.99708,0.082,7.4,3.33,18.0,2.6
5,9.6,0.54,0.64,130.0,0.17,0.99818,0.084,8.8,3.23,25.0,2.9
6,9.7,0.6,0.61,87.0,0.02,0.99745,0.081,7.1,3.48,17.0,2.5
5,10.8,0.56,0.6,13.0,0.0,0.99639,0.055,7.7,3.38,7.0,2.6
6,12.5,0.53,0.27,26.0,0.54,0.99531,0.065,10.1,3.17,7.0,2.3
5,10.2,1.18,0.89,60.0,0.3,0.99786,0.132,10.8,2.99,7.0,2.6
5,9.6,0.74,0.46,64.0,0.31,0.99746,0.126,8.7,3.1,24.0,2.5
7,10.8,0.81,0.37,42.0,0.44,0.99526,0.038,9.3,3.24,21.0,1.6
6,10.7,0.52,0.5,14.0,0.34,0.9987,0.082,9.4,3.29,5.0,3.6
5,10.0,0.44,0.55,17.0,0.09,0.99735,0.068,8.6,3.23,8.0,3.3
7,12.9,0.94,0.585,86.0,0.0,0.99264,0.044,5.1,3.56,14.0,1.7
6,9.6,0.66,0.56,46.0,0.08,0.9971,0.114,7.7,3.24,14.0,2.5
6,9.9,0.57,0.52,18.0,0.22,0.99682,0.084,8.4,3.26,4.0,2.7
7,12.5,0.71,0.25,10.0,0.39,0.99386,0.041,8.4,3.27,4.0,2.0
5,9.2,0.86,0.53,12.0,0.12,0.99702,0.165,7.4,3.26,4.0,1.9
6,10.3,0.55,0.48,15.0,0.31,0.99693,0.07,7.6,3.22,4.0,2.8
5,10.5,0.47,0.49,14.0,0.1,0.99562,0.068,7.3,3.3,4.0,2.6
6,10.9,0.68,0.5,24.0,0.55,1.00012,0.072,12.9,3.09,7.0,2.8
4,11.4,0.58,0.39,7.0,0.24,0.99462,0.102,6.9,3.44,4.0,2.1
6,11.3,0.76,0.41,41.0,0.54,0.99939,0.103,12.6,3.21,19.0,2.8
5,9.6,0.54,0.66,59.0,0.15,0.99976,0.097,9.1,3.28,9.0,3.2
5,9.7,0.6,0.685,22.0,0.0,0.99606,0.099,7.0,3.34,9.0,1.9
7,14.0,0.74,0.42,42.0,0.0,0.99154,0.048,4.9,3.71,16.0,2.1
5,9.8,0.64,0.54,36.0,0.13,0.9973,0.076,6.7,3.61,15.0,2.0
5,10.3,0.53,0.48,16.0,0.28,0.99682,0.068,7.1,3.24,6.0,2.8
7,11.0,0.64,0.27,8.0,0.34,0.9951,0.05,7.5,3.4,4.0,2.3
5,10.7,0.49,0.46,37.0,0.14,0.99624,0.076,7.1,3.36,15.0,2.8
4,10.9,0.55,0.685,9.0,0.07,0.99632,0.058,7.5,3.38,5.0,2.5
6,11.1,0.77,0.61,24.0,0.08,0.99376,0.071,5.9,3.56,16.0,2.1
4,9.9,0.86,0.47,51.0,0.44,0.99836,0.147,11.6,3.38,36.0,1.6
7,11.7,0.39,0.28,100.0,0.28,0.99064,0.012,6.7,3.26,36.0,2.4
7,11.7,0.39,0.28,100.0,0.28,0.99064,0.012,6.7,3.26,36.0,2.4
7,11.2,0.83,0.31,28.0,0.35,0.99672,0.075,10.1,3.24,9.0,1.6
5,10.3,0.63,0.66,31.0,0.0,0.99629,0.115,6.6,3.45,21.0,3.0
6,10.9,0.72,0.5,68.0,0.45,0.99708,0.119,10.6,3.23,34.0,2.6
5,9.4,0.62,0.685,92.0,0.35,0.9963,0.088,7.1,3.28,9.0,2.0
5,9.8,0.66,0.64,31.0,0.21,0.99689,0.081,6.4,3.59,14.0,1.8
6,9.9,0.7,0.68,39.0,0.16,0.9977,0.078,7.4,3.5,12.0,1.8
5,9.8,0.66,0.64,31.0,0.21,0.99689,0.081,6.4,3.59,14.0,1.8
5,9.5,0.55,0.43,22.0,0.44,0.99708,0.085,9.3,3.28,9.0,1.9
5,9.5,0.55,0.43,22.0,0.44,0.99708,0.085,9.3,3.28,9.0,1.9
6,10.9,0.73,0.36,55.0,0.39,0.99652,0.08,9.3,3.47,41.0,1.5
6,10.9,0.73,0.36,55.0,0.39,0.99652,0.08,9.3,3.47,41.0,1.5
6,10.9,0.73,0.36,55.0,0.39,0.99652,0.08,9.3,3.47,41.0,1.5
7,11.3,0.78,0.26,47.0,0.34,0.99594,0.073,8.2,3.4,16.0,2.5
7,10.6,0.67,0.28,32.0,0.47,0.99686,0.054,11.7,3.15,17.0,1.7
5,9.5,0.54,0.62,85.0,0.06,0.99746,0.077,7.2,3.51,15.0,2.7
5,10.4,0.44,0.42,25.0,0.32,0.99628,0.067,7.5,3.24,7.0,2.7
5,9.7,0.53,0.62,84.0,0.06,0.99746,0.078,7.2,3.51,17.0,2.5
5,9.7,0.54,0.635,86.0,0.07,0.99748,0.077,7.2,3.51,16.0,2.6
5,10.6,0.57,0.56,46.0,0.03,0.99522,0.086,6.9,3.53,36.0,1.5
4,10.0,0.54,0.35,48.0,0.24,0.99576,0.067,7.3,3.43,28.0,2.0
7,11.8,0.79,0.31,16.0,0.4,0.99614,0.109,8.8,3.31,7.0,2.8
6,11.8,0.57,0.715,43.0,0.01,0.99371,0.064,7.7,3.41,31.0,2.1
6,11.4,0.65,0.715,35.0,0.0,0.99533,0.068,7.6,3.48,30.0,2.1
6,12.0,0.78,0.31,26.0,0.29,0.99536,0.194,8.4,3.22,14.0,3.1
6,10.0,0.5,0.61,69.0,0.19,0.99787,0.094,8.8,3.22,30.0,4.0
5,10.5,0.64,0.75,30.0,0.14,0.99824,0.086,8.9,3.34,9.0,2.5
6,10.4,0.65,0.8,28.0,0.12,0.99836,0.083,9.0,3.33,8.0,2.4
6,11.2,0.56,0.57,64.0,0.0,0.99491,0.072,6.8,3.43,32.0,2.5
5,9.3,0.68,0.9,99.0,0.34,1.00289,0.112,10.7,3.22,23.0,6.6
5,9.7,0.57,0.66,86.0,0.03,0.99743,0.078,7.2,3.53,16.0,2.3
6,9.3,0.65,0.45,18.0,0.23,0.99774,0.082,10.1,3.22,10.0,1.9
5,9.7,0.57,0.66,86.0,0.03,0.99743,0.078,7.2,3.53,16.0,2.3
6,9.8,0.58,0.63,88.0,0.03,0.99745,0.08,7.2,3.53,17.0,2.2
6,10.7,0.58,0.59,43.0,0.01,0.9955,0.08,7.1,3.42,27.0,2.3
7,12.5,0.77,0.31,43.0,0.39,0.99444,0.078,8.3,3.31,17.0,2.4
6,10.7,0.58,0.59,43.0,0.01,0.9955,0.08,7.1,3.42,27.0,2.3
7,12.5,0.77,0.31,43.0,0.39,0.99444,0.078,8.3,3.31,17.0,2.4
5,11.8,0.69,0.31,39.0,0.36,0.99562,0.056,8.9,3.4,10.0,2.6
7,10.8,0.69,0.635,33.0,0.1,0.99736,0.08,7.4,3.58,16.0,2.4
7,10.8,0.69,0.635,33.0,0.1,0.99736,0.08,7.4,3.58,16.0,2.4
7,10.8,0.59,0.59,18.0,0.06,0.9962,0.06,6.8,3.41,11.0,6.0
5,11.0,0.71,0.54,78.0,0.27,0.9964,0.084,7.2,3.39,12.0,2.6
6,11.5,0.54,0.56,9.0,0.0,0.9948,0.079,6.1,3.59,6.0,2.2
6,10.8,0.59,0.52,61.0,0.13,0.99528,0.078,7.4,3.43,34.0,2.4
6,13.2,0.57,0.38,11.0,0.48,0.99577,0.132,9.3,3.23,3.0,3.8
6,10.9,0.6,0.28,9.0,0.46,0.99901,0.114,9.1,3.18,3.0,9.0
6,12.2,0.62,0.46,8.0,0.44,0.99674,0.065,10.0,3.33,4.0,2.9
6,11.9,0.67,0.315,6.0,0.4,0.99512,0.079,8.6,3.27,3.0,2.2
5,11.0,0.61,0.715,62.0,0.19,0.99395,0.161,5.3,3.62,7.0,1.5
6,10.1,0.64,0.41,45.0,0.31,0.99824,0.084,6.8,3.38,26.0,8.8
6,11.0,0.72,0.36,79.0,0.32,0.9964,0.081,8.4,3.3,32.0,2.2
6,11.8,0.89,0.62,46.0,0.12,0.99504,0.072,8.4,3.38,38.0,1.8
5,10.5,0.56,0.41,23.0,0.37,0.99786,0.091,9.6,3.24,10.0,2.3
6,11.8,0.89,0.62,46.0,0.12,0.99504,0.072,8.4,3.38,38.0,1.8
5,11.2,0.8,0.47,28.0,0.27,0.99516,0.055,8.6,3.18,14.0,2.3
7,11.0,0.87,0.22,77.0,0.36,0.99604,0.064,8.6,3.47,53.0,1.9
6,10.2,0.9,0.24,73.0,0.33,0.99786,0.061,9.4,3.47,52.0,2.3
4,9.2,0.59,0.67,75.0,0.19,0.99736,0.093,8.4,3.2,11.0,2.2
5,11.2,0.8,0.47,28.0,0.27,0.99516,0.055,8.6,3.18,14.0,2.3
7,12.0,0.73,0.33,19.0,0.38,0.99468,0.063,8.7,3.3,10.0,3.3
5,9.8,0.65,0.61,38.0,0.01,0.99748,0.074,7.4,3.48,13.0,2.0
6,9.5,0.59,0.4,66.0,0.29,0.9971,0.078,7.6,3.45,29.0,1.9
5,10.5,0.73,0.61,25.0,0.01,0.99746,0.08,6.6,3.69,8.0,1.9
6,11.8,0.72,0.3,72.0,0.38,0.99543,0.06,8.8,3.39,19.0,2.3
5,11.4,0.54,0.46,11.0,0.17,0.99425,0.073,6.2,3.61,7.0,1.6
7,12.5,0.52,0.27,17.0,0.49,0.99484,0.082,9.9,3.19,9.0,5.0
7,10.0,0.64,0.43,52.0,0.4,0.99834,0.092,10.1,3.22,13.0,2.6
7,12.1,0.64,0.3,24.0,0.49,0.99498,0.09,8.3,3.27,11.0,3.8
7,12.0,0.99,0.44,24.0,0.58,0.99745,0.092,10.2,3.29,11.0,4.1
7,12.4,0.62,0.28,12.0,0.48,0.99408,0.093,8.3,3.26,6.0,2.1
7,11.9,0.76,0.12,21.0,0.45,0.99552,0.075,8.9,3.41,10.0,1.8
7,11.9,0.76,0.12,21.0,0.45,0.99552,0.075,8.9,3.41,10.0,1.8
7,12.4,0.62,0.28,12.0,0.48,0.99408,0.093,8.3,3.26,6.0,2.1
7,11.2,0.68,0.31,10.0,0.4,0.99536,0.058,8.2,3.31,6.0,2.2
7,12.1,0.69,0.34,9.0,0.48,0.99458,0.052,10.2,3.2,5.0,2.1
5,10.4,0.67,0.21,23.0,0.52,0.99648,0.09,8.5,3.36,9.0,1.9
6,11.3,0.62,0.36,10.0,0.52,0.99568,0.111,9.0,3.31,5.0,2.1
7,11.3,0.71,0.57,36.0,0.12,0.99519,0.12,6.4,3.47,25.0,2.3
6,11.1,0.85,0.47,38.0,0.27,0.99518,0.058,8.5,3.16,18.0,1.9
5,9.3,0.62,0.56,18.0,0.14,0.99592,0.078,7.1,3.27,7.0,1.6
5,9.5,0.69,0.57,16.0,0.02,0.99654,0.115,6.6,3.38,6.0,2.1
6,11.1,0.85,0.47,38.0,0.27,0.99518,0.058,8.5,3.16,18.0,1.9
5,9.2,0.48,0.66,113.0,0.2,0.99733,0.097,8.5,3.13,23.0,2.1
6,12.2,0.6,0.4,46.0,0.43,0.9943,0.068,9.0,3.2,29.0,2.4
6,10.9,0.87,0.26,10.0,0.48,0.99724,0.066,10.4,3.33,6.0,1.9
7,12.1,0.62,0.33,13.0,0.41,0.99658,0.073,8.8,3.3,7.0,5.9
5,9.4,0.52,0.41,72.0,0.3,0.997,0.083,7.2,3.44,35.0,2.1
5,9.1,0.5,0.59,119.0,0.29,0.99801,0.109,8.4,3.15,31.0,2.6
7,11.3,0.49,0.4,29.0,0.32,0.99416,0.061,7.0,3.28,9.0,3.6
6,10.5,0.71,0.5,17.0,0.3,0.99774,0.065,9.1,3.32,8.0,1.9
5,10.0,0.62,0.86,28.0,0.26,0.99712,0.079,9.5,3.25,13.0,1.9
6,12.9,0.82,0.52,70.0,0.32,0.99418,0.07,7.3,3.34,51.0,2.1
6,10.5,0.71,0.5,17.0,0.3,0.99774,0.065,9.1,3.32,8.0,1.9
6,11.3,0.58,0.58,11.0,0.0,0.99562,0.064,7.4,3.45,7.0,2.0
5,9.4,0.5,0.36,70.0,0.3,0.99693,0.08,7.1,3.44,35.0,1.6
5,9.4,0.49,0.39,27.0,0.12,0.99596,0.097,7.7,3.16,19.0,1.7
6,10.9,0.51,0.295,21.0,0.4,0.99556,0.073,9.7,3.14,14.0,1.5
5,9.4,0.49,0.39,27.0,0.12,0.99596,0.097,7.7,3.16,19.0,1.7
5,9.4,0.48,0.34,68.0,0.28,0.99694,0.082,7.1,3.45,31.0,2.0
5,9.4,0.48,0.34,68.0,0.28,0.99694,0.082,7.1,3.45,31.0,2.0
6,10.1,0.62,0.6,41.0,0.06,0.99697,0.079,7.7,3.39,19.0,2.0
6,9.1,0.48,0.84,10.0,0.34,0.99554,0.05,8.9,3.12,4.0,1.4
6,12.9,0.53,0.69,12.0,0.0,0.99162,0.055,6.4,3.47,7.0,1.65
7,11.5,0.72,0.43,12.0,0.3,0.99495,0.062,7.5,3.44,6.0,2.2
5,10.3,0.54,0.43,45.0,0.29,0.99603,0.081,8.2,3.25,27.0,1.6
7,12.8,0.55,0.36,8.0,0.32,0.9928,0.067,6.8,3.36,4.0,1.8
7,11.7,0.84,0.29,27.0,0.33,0.99516,0.063,9.1,3.26,13.0,2.05
7,11.7,0.84,0.3,25.0,0.34,0.99516,0.064,9.1,3.26,12.0,2.0
7,12.0,0.7,0.35,24.0,0.4,0.99549,0.11,8.9,3.23,12.0,3.6
7,12.3,0.55,0.28,12.0,0.45,0.99354,0.067,8.9,3.25,7.0,1.7
6,10.4,0.55,0.32,19.0,0.31,0.9957,0.088,8.9,3.17,12.0,2.0
5,10.0,0.48,1.005,32.0,0.15,0.99604,0.102,7.7,3.23,11.0,2.1
6,10.0,0.58,0.71,31.0,0.0,0.99635,0.092,7.5,3.38,22.0,1.6
6,11.2,0.58,0.58,7.0,0.16,0.99454,0.12,8.0,3.22,3.0,2.0
7,12.6,0.75,0.38,28.0,0.4,0.99486,0.068,8.9,3.27,12.0,2.2
6,12.7,0.44,0.18,109.0,0.37,0.99007,0.049,8.0,2.89,36.0,0.9
5,10.4,0.61,0.5,23.0,0.14,0.99636,0.078,7.0,3.53,10.0,1.8
6,11.9,0.53,0.36,8.0,0.66,0.99642,0.123,11.3,3.2,3.0,2.4
6,11.9,0.53,0.36,8.0,0.66,0.99642,0.123,11.3,3.2,3.0,2.4
5,10.5,0.54,0.51,9.0,0.09,0.99584,0.062,7.0,3.35,4.0,2.1
6,12.3,0.55,0.32,9.0,0.42,0.99506,0.098,8.2,3.27,3.0,2.3
7,10.5,0.56,0.58,18.0,0.01,0.99568,0.088,7.7,3.32,12.0,1.8
6,10.4,0.6,0.83,43.0,0.0,0.99822,0.095,8.6,3.33,17.0,2.8
6,12.6,0.56,0.31,36.0,0.32,0.99364,0.066,7.9,3.41,14.0,1.9
5,11.6,0.52,0.795,52.0,0.0,0.99378,0.065,6.4,3.49,28.0,2.2
7,10.5,0.56,0.58,18.0,0.01,0.99568,0.088,7.7,3.32,12.0,1.8
5,9.6,0.53,0.82,14.0,0.0,0.99854,0.095,8.1,3.36,5.0,4.1
6,9.7,0.47,0.745,48.0,0.18,0.99739,0.077,8.9,3.2,15.0,2.5
7,10.6,0.65,0.37,17.0,0.34,0.99683,0.085,10.1,3.17,5.0,2.4
7,12.5,0.59,0.31,35.0,0.34,0.99356,0.082,7.6,3.22,26.0,2.5
7,12.6,0.77,0.41,42.0,0.41,0.9953,0.078,8.7,3.24,25.0,6.2
6,11.1,0.83,0.5,39.0,0.21,0.99692,0.088,8.9,3.33,21.0,2.2
6,9.8,0.64,0.49,26.0,0.19,0.99547,0.079,6.9,3.38,13.0,1.7
6,12.2,0.62,0.39,53.0,0.33,0.99294,0.046,6.4,3.36,12.0,3.3
6,11.4,0.58,0.44,38.0,0.0,0.99438,0.07,6.9,3.32,32.0,1.4
6,10.7,0.62,0.78,45.0,0.0,0.99612,0.076,7.6,3.31,33.0,1.7
5,10.4,0.64,0.43,51.0,0.17,0.99634,0.082,7.1,3.49,27.0,1.8
6,10.9,0.78,0.49,14.0,0.36,0.99702,0.081,9.3,3.27,3.0,1.7
6,10.8,0.77,0.5,17.0,0.36,0.99704,0.084,9.3,3.27,6.0,1.8
5,9.2,1.34,0.46,45.0,0.59,0.99702,0.414,8.5,3.03,16.0,1.4
5,12.9,0.55,0.605,25.0,0.05,0.99258,0.073,5.6,3.56,19.0,2.4
7,12.7,0.77,0.33,20.0,0.42,0.99426,0.07,8.3,3.38,9.0,2.3
6,9.1,0.62,0.64,77.0,0.27,0.99747,0.095,8.2,3.13,5.0,2.0
7,12.1,0.59,0.48,10.0,0.53,0.99586,0.101,8.9,3.21,3.0,4.0
5,9.1,0.57,0.42,90.0,0.25,0.99784,0.104,7.6,3.15,28.0,3.9
7,11.6,0.76,0.53,52.0,0.57,0.9971,0.093,9.9,3.19,30.0,2.4
7,12.1,0.59,0.48,10.0,0.53,0.99586,0.101,8.9,3.21,3.0,4.0
6,9.9,0.7,0.23,8.0,0.57,0.9981,0.074,11.6,3.14,3.0,1.8
8,12.5,0.69,0.4,16.0,0.5,0.99462,0.071,9.1,3.21,7.0,1.8
6,11.4,0.64,0.38,15.0,0.44,0.9956,0.098,8.0,3.3,6.0,1.9
6,11.8,0.63,0.29,17.0,0.65,0.99565,0.075,10.2,3.22,6.0,2.4
6,11.8,0.57,0.74,10.0,0.09,0.99418,0.067,8.2,3.28,5.0,2.0
6,10.2,0.6,0.61,20.0,0.18,0.9963,0.083,7.7,3.29,6.0,2.4
7,12.5,0.72,0.52,26.0,0.08,0.99358,0.07,6.6,3.4,13.0,2.4
7,10.9,0.83,0.31,10.0,0.53,0.99572,0.06,11.1,3.02,3.0,2.2
5,10.8,0.62,0.62,52.0,0.35,0.997,0.086,8.0,3.31,28.0,2.8
7,11.1,0.89,0.33,37.0,0.45,0.99498,0.057,9.3,3.18,19.0,1.5
5,9.2,0.58,0.77,92.0,0.2,0.99892,0.098,7.5,3.2,30.0,8.1
6,10.7,0.58,0.62,37.0,0.33,0.9972,0.088,8.0,3.31,16.0,2.7
6,11.4,0.73,0.32,8.0,0.56,0.99534,0.073,9.9,3.15,3.0,2.0
5,11.0,0.58,0.37,8.0,0.65,0.99817,0.08,8.6,3.27,3.0,6.4
7,12.3,0.51,0.3,278.0,0.68,0.99316,0.05,7.9,3.01,37.5,8.3
7,12.3,0.51,0.3,289.0,0.68,0.99316,0.05,7.9,3.01,37.5,8.3
6,9.5,0.59,0.38,70.0,0.3,0.99685,0.073,7.2,3.42,31.0,1.8
6,12.0,0.77,0.42,59.0,0.45,0.99617,0.072,8.7,3.33,32.0,2.4
5,9.6,0.49,0.48,64.0,0.08,0.99529,0.074,6.8,3.12,40.0,1.8
7,11.6,0.66,0.34,9.0,0.4,0.99738,0.055,8.5,3.38,3.0,4.7
6,11.2,0.69,0.19,30.0,0.42,0.994,0.057,7.9,3.29,18.0,1.6
7,9.9,0.76,0.41,41.0,0.54,0.99735,0.095,11.6,3.02,22.0,1.5
7,9.9,0.76,0.41,41.0,0.54,0.99735,0.095,11.6,3.02,22.0,1.5
8,11.8,0.63,0.26,74.0,0.54,0.99451,0.083,10.0,2.98,42.0,1.9
6,11.4,0.6,0.34,19.0,0.42,0.99546,0.086,7.9,3.35,8.0,2.0
6,11.5,0.59,0.54,16.0,0.09,0.99479,0.081,7.0,3.43,10.0,2.0
7,12.0,0.86,0.31,31.0,0.36,0.99615,0.079,9.2,3.33,11.0,2.2
6,10.8,0.49,0.725,17.0,0.09,0.99655,0.117,6.6,3.35,9.0,5.5
6,10.8,0.49,0.725,17.0,0.09,0.99655,0.117,6.6,3.35,9.0,5.5
5,9.4,0.52,0.52,18.0,0.38,0.99666,0.096,8.6,3.2,5.0,1.5
6,12.4,0.78,0.34,36.0,0.42,0.99392,0.072,8.4,3.11,23.0,2.1
6,12.0,0.63,0.49,25.0,0.27,0.99388,0.071,7.4,3.35,14.0,2.1
6,12.0,0.63,0.49,25.0,0.27,0.99388,0.071,7.4,3.35,14.0,2.1
6,12.4,0.66,0.48,25.0,0.34,0.9936,0.073,8.0,3.28,16.0,2.2
5,12.8,0.6,0.57,49.0,0.28,0.99374,0.048,6.3,3.41,13.0,2.1
7,11.7,0.85,0.3,24.0,0.41,0.99523,0.068,9.1,3.27,10.0,2.0
5,9.5,0.49,0.78,13.0,0.1,0.99855,0.09,8.1,3.36,4.0,3.3
6,10.8,0.76,0.47,66.0,0.43,0.9982,0.171,10.8,3.17,27.0,2.1
6,10.0,0.64,0.53,14.0,0.0,0.99593,0.07,8.3,3.25,6.0,1.4
7,12.3,0.64,0.42,55.0,0.27,0.99471,0.092,5.4,3.78,23.0,2.0
6,11.0,0.71,0.33,35.0,0.41,0.99396,0.056,7.9,3.29,6.0,1.5
6,13.6,0.66,0.4,80.0,0.5,0.9902,0.046,5.0,3.49,29.0,4.3
6,11.3,0.6,0.69,21.0,0.07,0.99572,0.091,7.0,3.38,15.0,2.5
6,11.3,0.6,0.69,21.0,0.07,0.99572,0.091,7.0,3.38,15.0,2.5
6,11.3,0.6,0.69,21.0,0.07,0.99572,0.091,7.0,3.38,15.0,2.5
6,13.3,0.53,0.39,24.0,0.12,0.99252,0.065,7.1,3.3,14.0,2.1
5,12.9,0.58,0.66,15.0,0.0,0.99256,0.066,5.6,3.52,7.0,2.5
8,13.1,0.72,0.54,17.0,0.34,0.99235,0.076,7.9,3.2,8.0,2.5
6,12.3,0.48,0.47,33.0,0.0,0.9922,0.055,6.3,3.45,27.0,1.4
7,11.3,0.59,0.24,27.0,0.35,0.99394,0.055,8.8,3.14,13.0,1.7
6,11.5,0.6,0.76,52.0,0.0,0.99379,0.072,6.3,3.51,26.0,2.9
5,10.0,0.68,0.43,89.0,0.33,0.9984,0.095,10.0,3.22,28.0,2.7
6,10.4,0.63,0.6,10.0,0.0,0.9977,0.058,9.1,3.18,5.0,1.9
7,13.6,0.88,0.36,38.0,0.34,0.9933,0.075,7.4,3.38,18.0,1.8
7,11.2,0.68,0.48,18.0,0.07,0.99684,0.089,7.2,3.37,10.0,5.5
7,11.8,0.74,0.28,15.0,0.35,0.99524,0.061,8.5,3.3,6.0,1.7
6,11.9,0.6,0.25,50.0,0.43,0.9946,0.067,8.0,3.38,22.0,1.7
6,11.4,0.76,0.52,13.0,0.45,0.99774,0.08,10.4,3.22,6.0,2.0
5,9.1,0.58,0.41,94.0,0.15,0.99786,0.104,7.5,3.14,29.0,3.7
6,9.5,0.64,0.51,86.0,0.24,0.99764,0.079,8.2,3.34,16.0,2.0
6,9.5,0.65,0.4,79.0,0.3,0.9969,0.08,7.3,3.41,33.0,1.7
6,11.0,0.85,0.38,71.0,0.32,0.99624,0.08,8.2,3.27,24.0,2.5
6,11.4,0.65,0.45,12.0,0.11,0.99354,0.043,6.9,3.3,6.0,2.4
6,10.0,0.82,0.22,20.0,0.3,0.99672,0.065,7.0,3.61,16.0,1.8
5,10.1,0.62,0.32,70.0,0.23,0.99588,0.066,7.3,3.43,35.0,2.3
6,10.4,0.81,0.2,51.0,0.43,0.99672,0.076,8.2,3.53,31.0,2.5
6,9.8,0.87,0.5,21.0,0.12,0.996,0.178,7.8,3.28,6.0,1.8
7,11.8,0.49,0.41,14.0,0.45,0.99702,0.071,10.0,3.21,6.0,6.2
6,11.6,0.66,0.39,21.0,0.42,0.99526,0.086,7.8,3.39,9.0,2.0
6,12.0,0.52,0.35,11.0,0.47,0.99585,0.061,10.0,3.23,6.0,2.0
6,12.5,0.65,0.58,70.0,0.23,0.99352,0.044,6.1,3.46,16.0,2.5
5,9.8,0.53,0.6,38.0,0.25,0.99616,0.118,8.3,3.15,9.0,2.2
6,11.1,0.66,0.42,38.0,0.35,0.99622,0.083,9.6,3.23,17.0,2.1
5,9.8,0.53,0.6,38.0,0.25,0.99616,0.118,8.3,3.15,9.0,2.2
7,11.8,0.76,0.18,88.0,0.51,0.99524,0.071,8.5,3.33,45.0,1.75
7,12.9,0.87,0.51,101.0,0.18,0.9924,0.042,5.1,3.46,16.0,2.1
7,11.8,0.71,0.32,19.0,0.42,0.99434,0.075,8.5,3.14,12.0,2.3
5,10.0,0.67,0.785,21.0,0.24,0.99692,0.078,9.0,3.29,10.0,1.7
7,12.4,0.88,0.33,48.0,0.39,0.99528,0.074,8.2,3.32,29.0,2.5
6,12.0,0.56,0.34,44.0,0.27,0.99384,0.067,6.5,3.21,8.0,2.8
6,11.5,0.62,0.5,14.0,0.29,0.99502,0.086,7.6,3.32,5.0,2.3
6,10.5,0.67,0.36,12.0,0.34,0.99667,0.062,9.2,3.2,5.0,1.6
6,12.3,0.74,0.42,16.0,0.46,0.99649,0.074,9.7,3.27,5.0,2.1
6,9.5,0.62,0.36,65.0,0.31,0.99716,0.079,7.6,3.46,26.0,1.7
6,9.5,0.62,0.36,65.0,0.31,0.99716,0.079,7.6,3.46,26.0,1.7
6,11.5,0.7,0.61,59.0,0.0,0.99541,0.095,6.5,3.61,48.0,2.2
4,11.2,0.5,0.88,47.0,0.03,0.99572,0.079,6.5,3.58,23.0,5.6
5,11.4,0.73,0.915,78.0,0.0,0.99346,0.041,5.6,3.68,17.0,2.1
6,11.0,0.81,0.35,47.0,0.33,0.99599,0.076,8.2,3.27,11.0,2.4
5,11.4,0.46,0.39,11.0,0.43,0.99478,0.068,9.8,3.19,5.0,1.65
5,9.3,0.6,0.66,61.0,0.07,0.99572,0.07,6.8,3.29,16.0,1.6
5,10.9,0.7,0.64,119.0,0.23,0.99538,0.08,6.7,3.36,11.0,2.1
5,10.9,0.7,0.64,119.0,0.23,0.99538,0.08,6.7,3.36,11.0,2.1
4,9.6,0.44,0.955,19.0,0.05,0.99616,0.075,8.8,3.3,5.0,1.8
6,12.5,0.57,0.4,20.0,0.57,0.99652,0.08,9.1,3.28,6.0,4.6
5,10.8,0.51,0.885,12.0,0.0,0.99551,0.166,6.5,3.56,6.0,2.3
7,12.4,0.8,0.25,41.0,0.37,0.99439,0.063,7.2,3.52,11.0,2.5
6,9.5,0.59,0.745,64.0,0.12,0.99588,0.114,7.0,3.22,15.0,1.8
6,9.5,0.6,0.43,56.0,0.22,0.99633,0.078,6.2,3.52,21.0,1.8
6,9.8,0.54,0.57,9.0,0.21,0.99458,0.069,7.7,3.16,4.0,1.5
6,10.9,0.79,0.26,77.0,0.26,0.9951,0.052,7.7,3.15,19.0,2.0
6,9.5,0.58,0.58,94.0,0.23,0.99686,0.076,7.9,3.21,23.0,2.3
6,9.8,0.54,0.57,9.0,0.21,0.99458,0.069,7.7,3.16,4.0,1.5
7,11.2,0.54,0.34,10.0,0.36,0.99419,0.065,7.9,3.27,5.0,1.9
8,11.7,0.69,0.42,12.0,0.39,0.99516,0.068,8.6,3.35,6.0,1.8
5,9.4,0.55,0.74,76.0,0.19,0.99878,0.111,9.9,3.14,33.0,5.8
7,11.0,0.85,0.36,44.0,0.46,0.99534,0.074,7.2,3.4,24.0,2.1
7,11.0,0.85,0.36,44.0,0.46,0.99534,0.074,7.2,3.4,24.0,2.1
5,10.0,0.94,0.72,52.0,0.55,0.99752,0.136,9.9,3.35,24.0,1.7
7,11.0,0.85,0.36,44.0,0.46,0.99534,0.074,7.2,3.4,24.0,2.1
7,11.2,0.87,0.39,24.0,0.43,0.99428,0.071,6.2,3.45,14.0,2.0
6,10.4,0.62,0.65,15.0,0.02,0.99498,0.078,6.8,3.35,8.0,2.1
6,10.4,0.62,0.65,15.0,0.02,0.99498,0.078,6.8,3.35,8.0,2.1
6,10.4,0.48,0.33,9.0,0.46,0.99628,0.081,10.2,3.1,6.0,1.9
6,9.5,0.69,0.57,79.0,0.31,0.99677,0.079,7.9,3.29,10.0,2.0
6,10.9,0.83,0.39,50.0,0.4,0.99478,0.044,9.0,3.2,25.0,1.3
6,11.5,0.77,0.32,44.0,0.52,0.99734,0.132,10.9,3.28,17.0,1.8
6,11.5,0.77,0.32,44.0,0.52,0.99734,0.132,10.9,3.28,17.0,1.8
6,10.3,0.82,0.39,20.0,0.49,0.9992,0.08,12.6,3.07,8.0,2.5
5,9.4,0.51,0.46,77.0,0.23,0.99922,0.091,9.2,3.15,18.0,2.6
5,9.2,0.47,0.58,46.0,0.03,0.99592,0.08,7.5,3.02,27.0,4.1
5,9.6,0.72,0.58,21.0,0.25,0.99769,0.104,9.0,3.27,8.0,2.0
7,13.6,0.73,0.42,88.0,0.0,0.99157,0.044,5.1,3.68,18.0,1.8
5,9.5,0.64,0.43,66.0,0.29,0.99718,0.075,7.6,3.4,19.0,2.1
6,11.8,0.78,0.18,58.0,0.34,0.9947,0.066,7.7,3.37,15.0,2.7
5,10.8,0.62,0.815,90.0,0.01,0.99621,0.074,7.8,3.38,48.0,2.6
5,9.5,0.64,0.43,66.0,0.29,0.99718,0.075,7.6,3.4,19.0,2.1
6,12.8,0.4,0.75,18.0,0.01,0.99242,0.059,7.1,3.39,11.0,2.2
6,9.4,0.64,0.55,17.0,0.0,0.99659,0.07,7.8,3.26,7.0,1.7
6,12.8,0.4,0.75,18.0,0.01,0.99242,0.059,7.1,3.39,11.0,2.2
4,9.6,0.46,0.73,24.0,0.0,0.99798,0.081,8.1,3.38,12.0,2.5
4,11.8,0.56,0.67,20.0,0.0,0.99488,0.057,6.5,3.45,11.0,4.3
5,9.3,0.4,0.61,60.0,0.2,0.99494,0.076,7.5,3.1,36.0,1.7
5,9.5,0.62,0.56,86.0,0.22,0.9983,0.082,8.3,3.37,10.0,2.4
5,10.5,0.68,0.55,34.0,0.19,0.99655,0.082,7.4,3.49,15.0,1.8
5,10.0,0.48,0.74,48.0,0.07,0.99502,0.086,7.4,3.12,15.0,1.7
6,10.9,0.61,0.6,37.0,0.01,0.99514,0.079,7.1,3.4,24.0,2.3
5,9.8,0.59,0.58,60.0,0.14,0.9963,0.077,7.5,3.28,27.0,2.2
5,9.8,0.58,0.72,14.0,0.0,0.99627,0.123,7.1,3.45,6.0,1.8
5,9.5,0.58,0.66,13.0,0.0,0.99569,0.096,7.9,3.43,6.0,1.4
5,10.9,0.69,0.7,35.0,0.06,0.99628,0.079,7.8,3.4,20.0,1.9
5,9.2,0.42,0.59,60.0,0.22,0.99499,0.082,7.5,3.1,43.0,1.8
6,11.0,0.7,0.58,69.0,0.28,0.99633,0.085,7.0,3.32,12.0,4.8
6,11.3,0.63,0.64,33.0,0.0,0.99538,0.123,6.8,3.44,15.0,2.7
5,9.3,1.15,0.635,56.0,0.68,0.99632,0.403,8.6,3.02,19.0,1.8
4,11.2,0.55,1.02,24.0,0.0,0.99437,0.083,6.3,3.59,17.0,2.0
5,9.8,0.58,0.45,66.0,0.38,0.99726,0.081,9.8,3.15,34.0,2.5
6,11.8,0.72,0.37,51.0,0.32,0.99456,0.066,8.5,3.38,26.0,1.8
6,10.3,0.6,0.57,36.0,0.05,0.99564,0.081,7.2,3.38,16.0,2.3
6,10.3,0.6,0.57,36.0,0.05,0.99564,0.081,7.2,3.38,16.0,2.3
6,11.4,0.87,0.43,19.0,0.5,0.996,0.068,10.4,3.1,13.0,2.3
6,9.5,0.55,0.41,51.0,0.31,0.99668,0.079,6.9,3.47,21.0,2.0
6,14.0,0.75,0.38,60.0,0.01,0.99084,0.048,5.0,3.7,26.0,1.6
6,11.7,0.57,0.44,64.0,0.2,0.9935,0.049,7.3,3.38,24.0,1.6
5,11.2,0.53,0.46,44.0,0.0,0.99385,0.077,5.9,3.5,25.0,1.9
5,9.3,0.43,0.58,44.0,0.2,0.99494,0.073,7.5,3.1,34.0,2.0
6,11.2,0.53,0.58,36.0,0.13,0.9944,0.102,7.8,3.24,17.0,2.1
6,9.5,0.54,0.715,81.0,0.22,0.99688,0.075,8.0,3.24,13.0,2.3
4,12.0,0.56,0.4,10.0,0.4,0.99566,0.05,8.5,3.28,3.0,6.3
6,9.7,0.6,0.69,10.0,0.0,0.99636,0.114,7.0,3.35,3.0,1.9
6,9.5,0.54,0.715,81.0,0.22,0.99688,0.075,8.0,3.24,13.0,2.3
7,11.5,0.57,0.3,9.0,0.39,0.9948,0.062,9.8,3.14,3.0,1.7
6,10.4,0.64,0.46,54.0,0.2,0.9956,0.077,7.1,3.37,28.0,1.9
6,10.4,0.64,0.46,54.0,0.2,0.9956,0.077,7.1,3.37,28.0,1.9
6,10.9,0.68,0.765,22.0,0.0,0.99619,0.084,7.9,3.33,9.0,2.0
6,10.2,0.63,0.63,69.0,0.28,0.99734,0.096,8.7,3.26,17.0,2.7
5,10.9,0.56,0.42,36.0,0.19,0.99476,0.071,7.0,3.39,18.0,2.3
5,10.5,0.57,0.37,47.0,0.5,0.99734,0.09,11.3,3.15,20.0,1.8
5,10.2,1.17,0.6,110.0,0.3,0.99914,0.068,7.0,3.3,20.0,4.5
5,10.2,1.17,0.6,110.0,0.3,0.99914,0.068,7.0,3.3,20.0,4.5
5,11.0,0.59,0.74,12.0,0.0,0.99521,0.1,7.6,3.36,6.0,1.9
6,10.9,0.75,0.635,60.0,0.1,0.99638,0.073,8.2,3.29,25.0,2.1
6,12.4,0.67,0.395,28.0,0.13,0.99362,0.056,5.9,3.62,14.0,2.4
5,9.5,0.45,0.63,77.5,0.0,0.99558,0.093,6.6,3.2,51.0,4.3
6,12.1,0.61,0.53,29.0,0.14,0.99323,0.064,7.2,3.35,15.0,2.1
6,12.2,0.56,0.6,18.0,0.0,0.99191,0.063,5.7,3.45,11.0,1.4
3,10.9,0.4,1.58,9.0,0.0,0.99476,0.137,7.6,3.5,5.0,2.1
6,12.5,0.61,0.645,28.0,0.0,0.99444,0.08,5.2,3.78,15.0,2.15
6,11.7,0.74,0.86,57.0,0.07,0.99598,0.1,6.7,3.6,20.0,2.0
6,11.2,0.8,0.37,15.0,0.32,0.99576,0.064,9.1,3.3,4.0,2.1
5,9.2,0.44,0.79,68.0,0.21,0.9955,0.087,7.6,3.12,21.0,2.3
5,9.8,0.53,0.61,88.0,0.26,0.99612,0.073,7.5,3.3,24.0,1.9
5,10.1,0.62,0.69,91.0,0.32,0.9979,0.088,9.7,3.29,22.0,2.5
5,9.2,0.61,0.62,63.0,0.1,0.996,0.071,7.0,3.28,27.0,1.4
6,12.8,0.59,0.51,27.0,0.15,0.9929,0.064,6.5,3.33,12.0,3.0
5,10.5,0.47,1.18,41.0,0.21,0.99532,0.083,8.0,3.34,14.0,1.9
6,9.8,0.58,0.63,91.0,0.27,0.99616,0.083,7.5,3.26,17.0,2.0
6,12.5,0.59,0.74,46.0,0.0,0.99258,0.041,5.4,4.01,16.0,1.2
6,9.1,1.33,0.76,64.0,0.68,0.99652,0.414,9.1,2.9,18.0,1.7
6,12.5,0.59,0.74,46.0,0.0,0.99258,0.041,5.0,4.01,16.0,1.2
5,11.4,0.55,0.34,18.0,0.42,0.99392,0.058,9.1,3.18,9.0,1.8
6,10.6,0.6,0.46,34.0,0.24,0.9948,0.077,6.7,3.39,18.0,1.7
6,10.6,0.6,0.46,34.0,0.24,0.9948,0.077,6.7,3.39,18.0,1.7
6,10.6,0.6,0.46,34.0,0.24,0.9948,0.077,6.7,3.39,18.0,1.7
6,10.6,0.6,0.46,34.0,0.24,0.9948,0.077,6.7,3.39,18.0,1.7
5,9.3,0.52,0.52,38.0,0.11,0.9955,0.073,6.5,3.34,13.0,1.8
6,9.8,0.56,0.6,91.0,0.26,0.99616,0.083,7.4,3.29,17.0,2.1
6,9.8,0.56,0.6,91.0,0.26,0.99616,0.083,7.4,3.29,17.0,2.1
5,9.2,0.46,0.87,67.0,0.26,0.99668,0.107,7.8,3.26,31.0,3.8
6,9.7,0.43,0.39,25.0,0.1,0.99581,0.075,8.4,3.09,6.0,1.7
5,9.6,0.51,0.775,48.0,0.22,0.9976,0.079,9.1,3.18,12.0,2.2
5,10.0,0.52,0.835,11.0,0.0,0.99608,0.166,7.2,3.39,4.0,2.0
6,12.6,0.66,0.58,40.0,0.02,0.99387,0.069,6.6,3.38,19.0,2.4
5,9.5,0.45,0.5,26.0,0.0,0.99448,0.057,6.0,3.36,15.0,1.4
5,9.5,0.45,0.5,26.0,0.0,0.99448,0.057,6.0,3.36,15.0,1.4
5,9.5,0.45,0.5,26.0,0.0,0.99448,0.057,6.0,3.36,15.0,1.4
6,10.5,0.54,0.51,31.0,0.02,0.99538,0.084,7.5,3.36,13.0,1.7
6,10.5,0.54,0.51,31.0,0.02,0.99538,0.084,7.5,3.36,13.0,1.7
6,10.5,0.54,0.51,31.0,0.02,0.99538,0.084,7.5,3.36,13.0,1.7
6,10.5,0.54,0.51,31.0,0.02,0.99538,0.084,7.5,3.36,13.0,1.7
5,11.0,0.53,0.42,20.0,0.48,0.99852,0.077,11.5,3.09,8.0,2.6
6,10.2,0.53,0.44,28.0,0.24,0.99613,0.063,8.2,3.25,10.0,2.3
5,11.4,0.56,0.59,13.0,0.01,0.99472,0.056,6.1,3.52,5.0,2.1
5,9.5,0.39,0.655,12.0,0.03,0.99587,0.078,7.2,3.34,7.0,1.8
6,11.8,0.51,0.62,46.0,0.01,0.99332,0.065,7.2,3.32,8.0,2.3
5,10.3,0.46,0.645,57.0,0.03,0.9969,0.086,7.6,3.37,14.0,1.9
5,10.1,0.44,0.32,32.0,0.25,0.99464,0.086,6.1,3.36,5.0,1.8
5,10.1,0.44,0.34,28.0,0.25,0.99464,0.084,6.1,3.36,4.0,1.8
6,11.1,0.59,0.43,67.0,0.24,0.99648,0.078,7.3,3.6,27.0,2.5
5,9.5,0.5,0.64,98.0,0.17,0.99736,0.168,7.4,3.28,52.0,5.4
6,10.033,0.65,0.475,28.0,0.4,0.99704,0.091,11.6,3.07,6.0,1.4
5,10.1,0.54,0.85,54.0,0.14,0.99724,0.093,8.3,3.36,13.0,2.5
6,10.033,0.65,0.475,28.0,0.4,0.99704,0.091,11.6,3.07,6.0,1.4
6,11.8,0.53,0.605,31.0,0.02,0.995,0.096,7.2,3.46,10.0,1.9
5,9.8,0.5,0.74,45.0,0.08,0.99576,0.094,7.3,3.24,10.0,1.7
6,10.5,1.18,0.54,105.0,0.3,0.99725,0.088,6.9,3.25,9.0,2.2
6,9.8,0.5,0.77,74.0,0.32,0.99656,0.079,8.0,3.27,16.0,2.1
5,9.2,1.17,0.78,66.0,0.51,0.99623,0.415,8.7,3.0,12.0,1.7
6,11.6,1.03,0.58,14.0,0.56,0.99476,0.153,7.5,3.21,5.0,3.1
5,9.2,1.17,0.78,66.0,0.51,0.99623,0.415,8.7,3.0,12.0,1.7
5,10.0,0.46,0.885,31.0,0.2,0.9946,0.086,8.2,3.11,7.0,1.4
6,9.9,0.51,0.45,28.0,0.15,0.99609,0.078,7.2,3.29,10.0,2.0
6,10.8,0.62,0.57,35.0,0.02,0.99557,0.077,7.5,3.36,11.0,2.6
6,10.8,0.62,0.57,35.0,0.02,0.99557,0.077,7.5,3.36,11.0,2.6
5,9.9,0.49,0.6,105.0,0.22,0.99613,0.08,8.0,3.3,25.0,2.1
5,9.9,0.49,0.6,105.0,0.22,0.99613,0.08,8.0,3.3,25.0,2.1
5,9.5,0.5,0.755,84.0,0.15,0.99593,0.107,7.1,3.19,20.0,1.8
5,9.2,0.42,0.81,85.0,0.25,0.99668,0.076,8.0,3.19,34.0,3.4
5,9.6,0.58,0.64,23.0,0.07,0.9961,0.1,7.4,3.3,8.0,1.8
5,10.3,0.68,0.64,49.0,0.31,0.99718,0.083,6.6,3.35,7.0,6.1
6,12.5,0.59,0.49,33.0,0.0,0.99292,0.068,6.0,3.58,15.0,2.3
5,11.0,0.58,0.64,33.0,0.22,0.99612,0.094,8.0,3.37,5.0,2.4
5,9.8,0.48,0.62,12.0,0.06,0.9942,0.07,7.1,3.17,5.0,1.3
5,10.2,0.48,0.52,59.0,0.25,0.99612,0.078,8.0,3.3,19.0,2.0
6,9.55,0.65,0.685,12.0,0.1,0.99745,0.092,8.6,3.31,3.0,1.6
5,9.55,0.65,0.675,11.0,0.1,0.99745,0.09,8.7,3.31,4.0,1.6
5,9.9,0.52,0.59,104.0,0.26,0.99584,0.08,7.3,3.28,17.0,2.0
6,11.1,0.72,0.67,24.0,0.0,0.9956,0.068,7.2,3.42,10.0,2.2
5,9.9,0.51,0.69,141.0,0.21,0.9962,0.08,7.9,3.25,33.0,2.1
6,11.9,0.82,0.3,24.0,0.42,0.9963,0.052,7.6,3.44,6.0,2.0
8,10.0,1.1,0.33,13.0,0.33,0.996,0.061,7.2,3.23,3.0,1.7
6,10.7,0.62,0.5,46.0,0.39,0.9985,0.082,8.0,3.43,12.0,2.6
6,10.9,0.94,0.24,22.0,0.34,0.9974,0.062,8.2,3.22,8.0,5.1
6,10.7,0.93,0.51,54.0,0.0,0.995,0.064,6.0,3.54,40.0,2.1
7,12.4,1.01,0.29,53.0,0.36,0.995,0.048,8.1,3.27,35.0,2.2
6,10.7,0.93,0.51,54.0,0.0,0.995,0.064,6.0,3.54,40.0,2.1
6,11.9,0.44,0.96,16.0,0.0,0.9936,0.082,6.6,3.5,5.0,1.8
6,10.6,0.73,0.47,19.0,0.4,0.9963,0.071,6.4,3.56,8.0,2.4
6,10.9,0.94,0.24,22.0,0.34,0.9974,0.062,8.2,3.22,8.0,5.1
5,10.1,0.9,0.57,89.0,0.25,0.9963,0.104,9.9,3.04,12.0,2.0
5,9.6,0.78,0.32,15.0,0.59,0.9994,0.077,10.0,3.2,3.0,2.2
5,9.4,0.84,0.58,18.0,0.0,0.9966,0.065,6.2,3.56,8.0,1.6
5,9.6,0.78,0.32,15.0,0.59,0.9994,0.077,10.0,3.2,3.0,2.2
7,12.1,0.77,0.34,37.0,0.33,0.9952,0.064,7.3,3.35,21.0,2.5
5,9.8,0.46,0.53,19.0,0.01,0.995,0.077,7.8,3.16,3.0,1.6
5,9.9,0.45,0.64,133.0,0.21,0.9956,0.077,7.7,3.27,32.0,2.2
5,9.8,0.46,0.53,19.0,0.01,0.995,0.077,7.8,3.16,3.0,1.6
5,9.4,0.58,0.4,58.0,0.18,0.9965,0.079,7.5,3.34,24.0,1.6
6,11.4,0.84,0.54,55.0,0.0,0.9956,0.079,7.0,3.39,39.0,2.1
4,11.0,0.67,0.53,31.0,0.09,0.9968,0.123,6.4,3.5,14.0,3.9
5,11.2,0.58,0.41,23.0,0.33,0.9957,0.078,7.6,3.3,6.0,2.5
5,11.0,0.63,0.64,55.0,0.0,0.9962,0.072,7.8,3.31,27.0,1.9
5,11.3,0.93,0.18,67.0,0.4,0.996,0.049,7.9,3.33,38.0,2.2
5,10.4,0.62,0.41,47.0,0.24,0.9956,0.066,7.4,3.37,18.0,1.8
6,9.9,0.54,0.43,74.0,0.31,0.9958,0.069,7.6,3.26,13.0,2.1
7,10.1,0.74,0.4,25.0,0.16,0.9955,0.069,6.1,3.42,11.0,1.8
6,9.0,0.77,0.54,95.0,0.37,1.00369,0.214,10.2,3.18,55.0,15.4
5,8.5,0.65,0.38,90.0,0.38,0.99914,0.169,10.0,3.15,27.0,1.6
5,11.1,0.54,0.915,39.0,0.29,0.99577,0.07,6.8,3.53,15.0,4.8
5,10.3,0.47,0.59,8.0,0.0,0.996,0.052,7.0,3.41,3.0,1.7
6,11.067,0.68,0.67,92.0,0.02,0.99566,0.072,7.3,3.32,31.0,2.2
5,11.7,0.49,0.58,22.0,0.2,0.99322,0.058,6.9,3.38,8.0,1.75
6,9.6,0.52,0.785,98.0,0.19,0.99713,0.094,7.4,3.16,19.0,5.2
5,9.7,0.74,0.67,39.0,0.0,0.99701,0.08,6.8,3.4,22.0,1.9
8,11.3,0.76,0.38,29.0,0.31,0.99472,0.056,7.2,3.23,15.0,2.0
7,11.3,0.73,0.37,28.0,0.32,0.9947,0.062,7.2,3.23,15.0,2.0
7,11.0,0.78,0.32,17.0,0.44,0.99732,0.104,7.8,3.33,8.0,2.7
7,11.6,0.76,0.58,53.0,0.02,0.99374,0.062,6.6,3.35,37.0,2.0
6,10.9,0.69,0.45,23.0,0.63,0.99974,0.073,11.7,3.21,7.0,2.2
6,10.9,0.63,0.9,17.0,0.0,0.99467,0.052,6.5,3.5,9.0,1.6
5,9.0,0.58,0.49,85.0,0.33,0.99706,0.074,7.6,3.41,27.0,1.9
5,10.5,0.6,0.29,20.0,0.4,0.99603,0.067,8.4,3.39,8.0,1.7
7,11.9,0.8,0.2,15.0,0.35,0.99458,0.054,7.9,3.32,7.0,1.7
6,10.4,0.68,0.42,64.0,0.09,0.99724,0.054,6.4,3.41,34.0,2.3
4,10.0,0.61,0.785,13.0,0.0,0.99664,0.06,6.2,3.59,6.0,2.1
6,10.8,0.53,0.63,39.0,0.01,0.99522,0.076,6.9,3.34,14.0,2.4
5,9.7,0.67,0.59,53.0,0.1,0.9958,0.063,6.8,3.41,34.0,1.7
7,10.0,0.65,0.48,54.0,0.32,0.99728,0.062,7.3,3.3,31.0,2.1
4,11.0,0.57,1.04,32.0,0.08,0.99648,0.067,6.7,3.52,19.0,2.3
7,10.0,0.65,0.48,54.0,0.32,0.99728,0.062,7.3,3.3,31.0,2.1
3,9.7,0.55,0.98,49.0,0.05,0.99705,0.061,7.3,3.31,20.0,2.1
5,9.7,0.47,0.69,24.0,0.11,0.99578,0.084,10.0,2.88,8.0,1.4
5,12.6,0.52,0.7,16.0,0.08,0.99334,0.067,6.7,3.43,8.0,3.75
6,11.1,0.79,0.35,44.0,0.6,0.99656,0.073,7.6,3.38,23.0,2.6
5,11.0,0.54,0.6,45.0,0.08,0.99336,0.071,6.1,3.38,14.0,1.8
5,8.8,0.75,0.5,82.0,0.5,1.00242,0.205,9.9,3.16,48.0,13.8
7,13.567,0.88,0.47,89.0,0.11,0.99182,0.048,5.3,3.54,16.0,2.2
5,8.8,0.75,0.5,82.0,0.5,1.00242,0.205,9.9,3.16,48.0,13.8
7,13.6,0.88,0.47,89.0,0.11,0.99182,0.048,5.3,3.54,16.0,2.2
3,10.2,0.52,0.875,14.0,0.05,0.99808,0.082,7.1,3.4,3.0,5.7
5,10.6,0.68,0.28,22.0,0.6,0.99828,0.104,8.2,3.39,10.0,3.0
4,10.1,0.62,0.62,13.0,0.03,0.99498,0.08,5.6,3.66,6.0,1.5
5,10.6,0.68,0.28,22.0,0.6,0.99828,0.104,8.2,3.39,10.0,3.0
5,10.7,0.61,0.33,12.0,0.44,0.99542,0.042,8.1,3.35,6.0,1.5
5,9.7,0.55,0.655,25.0,0.16,0.99606,0.074,7.0,3.37,8.0,2.1
5,10.3,0.6,0.68,23.0,0.21,0.99546,0.07,6.8,3.38,9.0,2.1
5,10.6,0.78,0.64,17.0,0.05,0.99496,0.066,6.0,3.52,9.0,1.9
5,11.4,0.58,0.54,13.0,0.04,0.9942,0.049,5.6,3.72,5.0,1.7
6,12.4,0.56,0.22,18.0,0.49,0.99344,0.039,7.1,3.39,8.0,1.8
5,11.95,0.54,0.65,18.0,0.06,0.99348,0.05,6.2,3.57,6.0,1.6
5,9.7,0.59,0.54,147.0,0.26,0.99636,0.089,7.7,3.26,23.0,1.9
7,10.0,0.7,0.31,28.0,0.09,0.99459,0.066,6.4,3.42,15.0,1.4
6,10.6,0.81,0.43,28.0,0.02,0.99492,0.08,7.0,3.35,15.0,1.9
6,11.5,0.63,0.74,16.0,0.03,0.99508,0.054,6.9,3.45,7.0,2.3
6,11.5,0.63,0.74,16.0,0.03,0.99508,0.054,6.9,3.45,7.0,2.3
5,9.4,0.53,0.82,64.0,0.29,0.99642,0.083,7.8,3.16,21.0,4.3
6,11.0,0.69,0.44,14.0,0.39,0.99555,0.077,6.2,3.51,6.0,2.5
6,11.4,0.55,0.38,12.0,0.57,0.99605,0.106,7.5,3.36,5.0,2.3
3,9.95,0.63,0.76,12.0,0.02,0.996,0.078,6.7,3.55,6.0,1.8
6,10.8,0.66,0.81,14.0,0.05,0.99562,0.07,6.8,3.51,6.0,2.0
6,11.4,0.55,0.38,12.0,0.57,0.99605,0.106,7.5,3.36,5.0,2.3
6,10.6,0.72,0.27,25.0,0.6,0.99814,0.074,7.1,3.38,17.0,2.1
5,11.1,0.7,0.18,20.0,0.4,0.9941,0.062,7.9,3.28,7.0,1.8
6,9.7,0.77,0.36,48.0,0.21,0.99661,0.047,6.4,3.47,26.0,2.2
5,9.8,0.67,0.69,27.0,0.04,0.99712,0.068,7.1,3.44,19.0,2.1
6,9.233,0.72,0.84,65.0,0.21,0.99842,0.074,6.9,3.53,16.0,4.1
6,9.25,0.72,0.84,65.0,0.21,0.99842,0.074,6.9,3.53,16.0,4.1
6,10.3,0.83,0.53,44.0,0.06,0.99489,0.063,6.5,3.38,29.0,2.0
5,10.5,0.63,0.47,20.0,0.46,0.99647,0.114,7.4,3.32,7.0,2.2
5,10.2,0.58,0.7,27.0,0.08,0.99665,0.106,6.6,3.44,14.0,2.6
5,10.6,0.97,0.32,58.0,0.25,0.99633,0.071,6.1,3.42,23.0,2.3
5,10.4,0.6,0.48,61.0,0.25,0.9953,0.076,6.8,3.34,29.0,2.0
5,9.7,0.64,0.48,34.0,0.08,0.99552,0.064,6.7,3.33,18.0,2.1
6,9.6,0.65,0.47,38.0,0.08,0.99553,0.064,6.8,3.3,18.0,2.2
6,10.1,0.67,0.29,59.0,0.49,0.99714,0.096,7.9,3.31,21.0,2.2
6,10.2,0.6,0.69,52.0,0.08,0.99608,0.063,7.1,3.42,42.0,2.1
6,11.3,0.69,0.44,18.0,0.09,0.99444,0.063,6.6,3.42,9.0,2.2
5,10.2,0.66,0.705,28.0,0.1,0.99631,0.081,6.1,3.6,13.0,2.8
6,9.9,0.68,0.53,22.0,0.13,0.99573,0.058,7.2,3.21,18.0,2.0
5,9.0,0.61,0.39,84.0,0.3,0.99717,0.074,8.0,3.39,32.0,1.9
7,11.7,0.62,0.56,29.0,0.14,0.99397,0.064,6.6,3.42,13.0,2.4
6,9.7,0.59,0.55,35.0,0.13,0.9959,0.075,7.0,3.36,15.0,2.2
5,12.0,0.63,0.64,26.0,0.09,0.99538,0.081,6.2,3.57,15.0,2.5
6,11.6,0.63,0.52,32.0,0.08,0.99646,0.071,6.2,3.56,11.0,4.4
7,11.2,0.81,0.37,19.0,0.43,0.9955,0.063,8.4,3.17,12.0,2.3
6,10.1,0.64,0.63,28.0,0.33,0.99531,0.059,6.5,3.36,16.0,1.8
5,10.2,0.61,0.57,26.0,0.02,0.99575,0.072,7.0,3.36,17.0,2.0
5,10.4,0.58,0.4,50.0,0.5,0.99783,0.099,11.2,3.1,19.0,2.0
8,11.4,0.7,0.36,24.0,0.3,0.99419,0.074,7.4,3.24,17.0,1.8
5,9.4,0.54,0.67,27.0,0.0,0.99768,0.083,7.1,3.44,18.0,2.3
6,11.3,0.66,0.68,54.0,0.01,0.99586,0.103,6.3,3.51,32.0,3.7
5,9.4,0.6,0.735,28.0,0.0,0.99765,0.08,7.3,3.41,18.0,2.2
7,10.55,0.68,0.56,24.0,0.17,0.99514,0.065,7.0,3.44,15.0,1.7
5,9.9,0.56,0.88,20.0,0.04,0.99636,0.066,6.6,3.53,12.0,2.2
6,11.0,0.6,0.855,23.0,0.02,0.99627,0.062,6.6,3.54,15.0,2.4
5,9.5,0.56,0.63,115.0,0.33,0.99787,0.235,6.9,3.22,66.0,6.7
5,9.9,0.52,0.6,131.0,0.26,0.99622,0.08,7.8,3.21,31.0,2.0
5,9.9,0.52,0.6,131.0,0.26,0.99622,0.08,7.8,3.21,31.0,2.0
5,9.9,0.52,0.6,131.0,0.26,0.99622,0.08,7.8,3.21,31.0,2.0
5,10.1,0.54,0.695,20.0,0.13,0.99546,0.076,7.2,3.29,12.0,2.0
5,10.1,0.54,0.695,20.0,0.13,0.99546,0.076,7.2,3.29,12.0,2.0
6,10.9,0.82,0.67,42.0,0.02,0.99489,0.061,6.7,3.39,26.0,1.9
6,11.2,0.71,0.16,52.0,0.64,0.99494,0.059,6.7,3.34,24.0,2.1
5,10.1,0.54,0.695,20.0,0.13,0.99546,0.076,7.2,3.29,12.0,2.0
5,9.2,0.59,0.56,42.0,0.13,0.99629,0.077,7.0,3.34,25.0,1.6
6,11.5,0.57,0.51,34.0,0.14,0.99396,0.056,6.2,3.48,15.0,1.9
6,12.4,0.93,0.36,35.0,0.53,0.9934,0.23,6.4,3.37,19.0,2.2
6,11.1,0.65,0.38,25.0,0.14,0.99514,0.038,6.4,3.44,15.0,2.2
5,9.5,0.51,0.69,104.0,0.32,0.99632,0.069,7.3,3.33,35.0,2.2
6,12.5,0.67,0.58,50.0,0.2,0.99467,0.075,6.0,3.58,15.0,2.4
6,11.8,0.64,0.52,20.0,0.4,0.99474,0.06,7.5,3.26,12.0,2.2
6,10.8,0.78,0.3,29.0,0.63,0.99588,0.081,8.0,3.3,16.0,1.6
6,11.9,0.6,0.7,27.0,0.15,0.99622,0.076,6.2,3.54,13.0,5.1
6,11.3,0.67,0.67,20.0,0.15,0.9954,0.118,6.8,3.42,13.0,1.8
6,11.9,0.6,0.35,26.0,0.33,0.9947,0.068,7.4,3.36,9.0,2.4
5,11.9,0.5,0.715,27.0,0.1,0.99362,0.053,6.1,3.57,13.0,2.6
5,9.8,0.62,0.46,98.0,0.29,0.99578,0.074,6.2,3.33,32.0,2.1
7,11.6,0.8,0.32,34.0,0.44,0.99484,0.061,6.7,3.29,24.0,2.4
6,11.4,0.85,0.31,60.0,0.41,0.99492,0.065,7.5,3.34,34.0,2.4
6,10.9,0.66,0.61,28.0,0.11,0.99483,0.066,5.8,3.55,18.0,1.8
6,11.6,0.82,0.55,35.0,0.15,0.99314,0.077,6.3,3.32,26.0,1.8
6,11.6,0.56,0.74,26.0,0.09,0.99402,0.089,5.4,3.67,16.0,1.7
6,11.0,0.75,0.51,40.0,0.13,0.99574,0.076,6.3,3.42,29.0,2.3
6,9.5,0.82,0.62,38.0,0.08,0.99651,0.068,6.8,3.42,28.0,1.9
5,10.5,0.58,0.6,44.0,0.08,0.9949,0.09,6.2,3.45,32.0,2.0
6,11.2,0.76,0.55,51.0,0.1,0.99512,0.062,5.9,3.52,39.0,2.2
5,10.2,0.71,0.645,44.0,0.12,0.99547,0.075,5.9,3.57,32.0,2.0
